{"type": "FeatureCollection", "features": [{"type": "Feature", "geometry": {"type": "Polygon", "coordinates": [[[78.7726889002146, 30.1574852175515], [78.7726857388804, 30.1575144608639], [78.7726469944841, 30.157511297877], [78.7726501558294, 30.157482054566], [78.7726889002146, 30.1574852175515]]]}, "properties": {"confidence": 0.6683, "area_in_meters": 12.22, "full_plus_code": "8J2W5Q4F+X3VV", "source": "Google Open Buildings v3"}}, {"type": "Feature", "geometry": {"type": "Polygon", "coordinates": [[[78.7715788561897, 30.1571291087314], [78.7715370191624, 30.1571079261114], [78.7716055587168, 30.1570056980672], [78.7716473957185, 30.1570268806642], [78.7715788561897, 30.1571291087314]]]}, "properties": {"confidence": 0.8037, "area_in_meters": 61.25, "full_plus_code": "8J2W5Q4C+RJGQ", "source": "Google Open Buildings v3"}}, {"type": "Feature", "geometry": {"type": "Polygon", "coordinates": [[[78.7716072371924, 30.1571434783831], [78.7715788561902, 30.1571291087326], [78.7716080843991, 30.1570855143111], [78.771636465394, 30.157099883955], [78.7716072371924, 30.1571434783831]]]}, "properties": {"confidence": 0.6599, "area_in_meters": 17.72, "full_plus_code": "8J2W5Q4C+RJXF", "source": "Google Open Buildings v3"}}, {"type": "Feature", "geometry": {"type": "Polygon", "coordinates": [[[78.7713697873804, 30.1572081877517], [78.7713372655273, 30.1571921641959], [78.7713618665973, 30.1571544576332], [78.7713943884423, 30.1571704811825], [78.7713697873804, 30.1572081877517]]]}, "properties": {"confidence": 0.7497, "area_in_meters": 17.32, "full_plus_code": "8J2W5Q4C+VGH8", "source": "Google Open Buildings v3"}}, {"type": "Feature", "geometry": {"type": "Polygon", "coordinates": [[[78.7722901264151, 30.1572528784514], [78.772253987838, 30.1572287102685], [78.7723112450093, 30.1571640550826], [78.7723473835789, 30.1571882232495], [78.7722901264151, 30.1572528784514]]]}, "properties": {"confidence": 0.7877, "area_in_meters": 39.77, "full_plus_code": "8J2W5Q4C+VWM8", "source": "Google Open Buildings v3"}}, {"type": "Feature", "geometry": {"type": "Polygon", "coordinates": [[[78.7722834065238, 30.1573565375398], [78.7721612737586, 30.1574736285088], [78.7721212797112, 30.157442125708], [78.7722434124789, 30.1573250347755], [78.7722834065238, 30.1573565375398]]]}, "properties": {"confidence": 0.8166, "area_in_meters": 91.2, "full_plus_code": "8J2W5Q4C+XV4V", "source": "Google Open Buildings v3"}}, {"type": "Feature", "geometry": {"type": "Polygon", "coordinates": [[[78.7724979585495, 30.1575532488099], [78.7724609432357, 30.1576371815487], [78.7723630079737, 30.1576045653933], [78.7724000233547, 30.1575206326853], [78.7724979585495, 30.1575532488099]]]}, "properties": {"confidence": 0.8351, "area_in_meters": 100.78, "full_plus_code": "8J2W5Q5C+2XM5", "source": "Google Open Buildings v3"}}, {"type": "Feature", "geometry": {"type": "Polygon", "coordinates": [[[78.7725712159613, 30.1574455343794], [78.772561165779, 30.157545234756], [78.7724408517294, 30.1575360759239], [78.7724509020286, 30.1574363755619], [78.7725712159613, 30.1574455343794]]]}, "properties": {"confidence": 0.8561, "area_in_meters": 129.22, "full_plus_code": "8J2W5Q4F+X2RJ", "source": "Google Open Buildings v3"}}, {"type": "Feature", "geometry": {"type": "Polygon", "coordinates": [[[78.7726501558297, 30.1574820545669], [78.77264044496, 30.1575718827001], [78.7725573887836, 30.1575651021787], [78.7725670997272, 30.1574752740553], [78.7726501558297, 30.1574820545669]]]}, "properties": {"confidence": 0.8291, "area_in_meters": 80.47, "full_plus_code": "8J2W5Q5F+225V", "source": "Google Open Buildings v3"}}, {"type": "Feature", "geometry": {"type": "Polygon", "coordinates": [[[78.7720141357512, 30.1574870405607], [78.7719993941902, 30.1575758621989], [78.7718709182076, 30.157559759747], [78.7718856598795, 30.1574709381287], [78.7720141357512, 30.1574870405607]]]}, "properties": {"confidence": 0.89, "area_in_meters": 124.54, "full_plus_code": "8J2W5Q5C+2Q4R", "source": "Google Open Buildings v3"}}, {"type": "Feature", "geometry": {"type": "Polygon", "coordinates": [[[78.7735400584737, 30.157226041541], [78.7734868769356, 30.1573033290882], [78.7734242414737, 30.157270781563], [78.7734774230399, 30.1571934940425], [78.7735400584737, 30.157226041541]]]}, "properties": {"confidence": 0.8696, "area_in_meters": 70.26, "full_plus_code": "8J2W5Q4F+V9XV", "source": "Google Open Buildings v3"}}, {"type": "Feature", "geometry": {"type": "Polygon", "coordinates": [[[78.773464896632, 30.1573078849513], [78.7734443193329, 30.1573394731128], [78.7734079021295, 30.1573215581367], [78.7734284794363, 30.1572899699815], [78.773464896632, 30.1573078849513]]]}, "properties": {"confidence": 0.7147, "area_in_meters": 16.24, "full_plus_code": "8J2W5Q4F+W9FH", "source": "Google Open Buildings v3"}}, {"type": "Feature", "geometry": {"type": "Polygon", "coordinates": [[[78.7734098910093, 30.1572336608473], [78.773353996068, 30.1572796882874], [78.7732982127335, 30.1572285311109], [78.7733541076688, 30.1571825036942], [78.7734098910093, 30.1572336608473]]]}, "properties": {"confidence": 0.8585, "area_in_meters": 58.02, "full_plus_code": "8J2W5Q4F+V8X7", "source": "Google Open Buildings v3"}}, {"type": "Feature", "geometry": {"type": "Polygon", "coordinates": [[[78.7729536576967, 30.157321409532], [78.7729115084871, 30.1573854882993], [78.7728498950345, 30.1573548830212], [78.7728920442685, 30.1572908042742], [78.7729536576967, 30.157321409532]]]}, "properties": {"confidence": 0.7037, "area_in_meters": 56.0, "full_plus_code": "8J2W5Q4F+W5JH", "source": "Google Open Buildings v3"}}, {"type": "Feature", "geometry": {"type": "Polygon", "coordinates": [[[78.773043911998, 30.1576606984741], [78.7730006969934, 30.1576574305968], [78.7730034032273, 30.1576304049693], [78.7730466182204, 30.1576336728453], [78.773043911998, 30.1576606984741]]]}, "properties": {"confidence": 0.6752, "area_in_meters": 12.58, "full_plus_code": "8J2W5Q5F+362X", "source": "Google Open Buildings v3"}}, {"type": "Feature", "geometry": {"type": "Polygon", "coordinates": [[[78.7731653166081, 30.1580331892228], [78.7731624208396, 30.1580599580081], [78.7731337156159, 30.1580576130465], [78.7731366113923, 30.1580308442624], [78.7731653166081, 30.1580331892228]]]}, "properties": {"confidence": 0.6527, "area_in_meters": 8.29, "full_plus_code": "8J2W5Q5F+676X", "source": "Google Open Buildings v3"}}, {"type": "Feature", "geometry": {"type": "Polygon", "coordinates": [[[78.7734711774125, 30.1579210505146], [78.7733776194456, 30.1579800311945], [78.773318950806, 30.1579097535086], [78.7734125087358, 30.1578507728683], [78.7734711774125, 30.1579210505146]]]}, "properties": {"confidence": 0.8901, "area_in_meters": 107.29, "full_plus_code": "8J2W5Q5F+596P", "source": "Google Open Buildings v3"}}, {"type": "Feature", "geometry": {"type": "Polygon", "coordinates": [[[78.7733127914288, 30.1578852787865], [78.7732245967856, 30.157935593376], [78.7731930741508, 30.1578938669275], [78.7732812687702, 30.1578435523577], [78.7733127914288, 30.1578852787865]]]}, "properties": {"confidence": 0.8641, "area_in_meters": 56.3, "full_plus_code": "8J2W5Q5F+582C", "source": "Google Open Buildings v3"}}, {"type": "Feature", "geometry": {"type": "Polygon", "coordinates": [[[78.7731982956112, 30.1579317884481], [78.7731795935907, 30.157953713398], [78.773151666302, 30.1579357239125], [78.7731703683246, 30.1579137989669], [78.7731982956112, 30.1579317884481]]]}, "properties": {"confidence": 0.7744, "area_in_meters": 10.14, "full_plus_code": "8J2W5Q5F+57F8", "source": "Google Open Buildings v3"}}, {"type": "Feature", "geometry": {"type": "Polygon", "coordinates": [[[78.7731851837592, 30.1579897307568], [78.7731251870442, 30.1580384520251], [78.7730616170015, 30.1579793365588], [78.773121613708, 30.157930615319], [78.7731851837592, 30.1579897307568]]]}, "properties": {"confidence": 0.8979, "area_in_meters": 71.03, "full_plus_code": "8J2W5Q5F+56X9", "source": "Google Open Buildings v3"}}, {"type": "Feature", "geometry": {"type": "Polygon", "coordinates": [[[78.7728500416394, 30.1584327945641], [78.772844344114, 30.1584558452209], [78.7728148274691, 30.1584503358037], [78.772820525001, 30.1584272851484], [78.7728500416394, 30.1584327945641]]]}, "properties": {"confidence": 0.6924, "area_in_meters": 7.61, "full_plus_code": "8J2W5Q5F+94GP", "source": "Google Open Buildings v3"}}, {"type": "Feature", "geometry": {"type": "Polygon", "coordinates": [[[78.7722034304682, 30.1584580985007], [78.7721739099805, 30.158524639957], [78.7721179883466, 30.1585059052686], [78.7721475088646, 30.1584393638267], [78.7722034304682, 30.1584580985007]]]}, "properties": {"confidence": 0.6743, "area_in_meters": 45.69, "full_plus_code": "8J2W5Q5C+9VV6", "source": "Google Open Buildings v3"}}, {"type": "Feature", "geometry": {"type": "Polygon", "coordinates": [[[78.7723494952463, 30.1578059264668], [78.7723225413046, 30.1577851621519], [78.7724006291397, 30.1577086148867], [78.7724275830791, 30.1577293791857], [78.7723494952463, 30.1578059264668]]]}, "properties": {"confidence": 0.7409, "area_in_meters": 39.39, "full_plus_code": "8J2W5Q5C+4X26", "source": "Google Open Buildings v3"}}, {"type": "Feature", "geometry": {"type": "Polygon", "coordinates": [[[78.7724047033423, 30.1577029001542], [78.7723138645097, 30.1577856276101], [78.7722499356173, 30.1577326171927], [78.7723407744492, 30.15764988978], [78.7724047033423, 30.1577029001542]]]}, "properties": {"confidence": 0.8609, "area_in_meters": 108.02, "full_plus_code": "8J2W5Q5C+3WPM", "source": "Google Open Buildings v3"}}, {"type": "Feature", "geometry": {"type": "Polygon", "coordinates": [[[78.7723292940404, 30.1576556012379], [78.7723007506384, 30.1576819730426], [78.7722796828889, 30.1576647533061], [78.7723082262902, 30.1576383815053], [78.7723292940404, 30.1576556012379]]]}, "properties": {"confidence": 0.6788, "area_in_meters": 11.19, "full_plus_code": "8J2W5Q5C+3W7G", "source": "Google Open Buildings v3"}}, {"type": "Feature", "geometry": {"type": "Polygon", "coordinates": [[[78.7721023009844, 30.1575504748015], [78.7720860428379, 30.157717211134], [78.7720252176497, 30.1577127322635], [78.7720414758968, 30.1575459959436], [78.7721023009844, 30.1575504748015]]]}, "properties": {"confidence": 0.6722, "area_in_meters": 109.2, "full_plus_code": "8J2W5Q5C+3R46", "source": "Google Open Buildings v3"}}, {"type": "Feature", "geometry": {"type": "Polygon", "coordinates": [[[78.7719877192188, 30.1582785268776], [78.7719433357215, 30.158265742911], [78.7719119135085, 30.1583481242688], [78.771839376845, 30.1583272311833], [78.7718914950878, 30.1581905900665], [78.7720084151427, 30.1582242670773], [78.7719877192188, 30.1582785268776]]]}, "properties": {"confidence": 0.8217, "area_in_meters": 146.18, "full_plus_code": "8J2W5Q5C+8Q3F", "source": "Google Open Buildings v3"}}, {"type": "Feature", "geometry": {"type": "Polygon", "coordinates": [[[78.7720156794023, 30.1581341850309], [78.7719778674727, 30.1582042259537], [78.7719023592009, 30.1581734430309], [78.7719401711691, 30.1581034021318], [78.7720156794023, 30.1581341850309]]]}, "properties": {"confidence": 0.8038, "area_in_meters": 68.98, "full_plus_code": "8J2W5Q5C+7Q84", "source": "Google Open Buildings v3"}}, {"type": "Feature", "geometry": {"type": "Polygon", "coordinates": [[[78.772476990758, 30.157654052107], [78.772458353691, 30.1576975292024], [78.772316165482, 30.1576515010221], [78.7723348026013, 30.1576080239494], [78.772476990758, 30.157654052107]]]}, "properties": {"confidence": 0.8092, "area_in_meters": 75.26, "full_plus_code": "8J2W5Q5C+3X64", "source": "Google Open Buildings v3"}}, {"type": "Feature", "geometry": {"type": "Polygon", "coordinates": [[[78.7726146198635, 30.1644886736591], [78.7725878684308, 30.1645620314456], [78.7725412464894, 30.1645491941704], [78.7725679979518, 30.1644758363948], [78.7726146198635, 30.1644886736591]]]}, "properties": {"confidence": 0.7721, "area_in_meters": 40.23, "full_plus_code": "8J2W5Q7F+R24M", "source": "Google Open Buildings v3"}}, {"type": "Feature", "geometry": {"type": "Polygon", "coordinates": [[[78.7712857242195, 30.1635371932023], [78.7712655009546, 30.1635955600995], [78.7712069929816, 30.1635802531024], [78.7712272162771, 30.1635218862149], [78.7712857242195, 30.1635371932023]]]}, "properties": {"confidence": 0.7583, "area_in_meters": 39.82, "full_plus_code": "8J2W5Q7C+CFH9", "source": "Google Open Buildings v3"}}, {"type": "Feature", "geometry": {"type": "Polygon", "coordinates": [[[78.7712811914508, 30.1625112374408], [78.771238133296, 30.1625472179761], [78.7712101535247, 30.1625219348205], [78.7712532116773, 30.1624859542944], [78.7712811914508, 30.1625112374408]]]}, "properties": {"confidence": 0.7666, "area_in_meters": 22.4, "full_plus_code": "8J2W5Q7C+2F5Q", "source": "Google Open Buildings v3"}}, {"type": "Feature", "geometry": {"type": "Polygon", "coordinates": [[[78.7714031647549, 30.1650082475218], [78.7713272340086, 30.1650440546811], [78.7712877123238, 30.164980775526], [78.7713636430329, 30.1649449683876], [78.7714031647549, 30.1650082475218]]]}, "properties": {"confidence": 0.8252, "area_in_meters": 66.49, "full_plus_code": "8J2W5Q7C+XGXJ", "source": "Google Open Buildings v3"}}, {"type": "Feature", "geometry": {"type": "Polygon", "coordinates": [[[78.7714345906758, 30.1650789786718], [78.7713260890342, 30.165126546387], [78.7713053047233, 30.1650907502301], [78.7714138063336, 30.1650431825306], [78.7714345906758, 30.1650789786718]]]}, "properties": {"confidence": 0.6964, "area_in_meters": 52.09, "full_plus_code": "8J2W5Q8C+2GQ9", "source": "Google Open Buildings v3"}}, {"type": "Feature", "geometry": {"type": "Polygon", "coordinates": [[[78.7712830984551, 30.164987403802], [78.7713354347826, 30.1650775410599], [78.7713053047228, 30.1650907502291], [78.7712529684198, 30.1650006129593], [78.7712830984551, 30.164987403802]]]}, "properties": {"confidence": 0.7031, "area_in_meters": 36.42, "full_plus_code": "8J2W5Q8C+2G7F", "source": "Google Open Buildings v3"}}, {"type": "Feature", "geometry": {"type": "Polygon", "coordinates": [[[78.7715215525977, 30.1650679679945], [78.771446729908, 30.1650803133059], [78.7714312391945, 30.1650094240965], [78.7715060618315, 30.1649970787911], [78.7715215525977, 30.1650679679945]]]}, "properties": {"confidence": 0.8319, "area_in_meters": 58.75, "full_plus_code": "8J2W5Q8C+2H9C", "source": "Google Open Buildings v3"}}, {"type": "Feature", "geometry": {"type": "Polygon", "coordinates": [[[78.7715067791039, 30.1649822225129], [78.7714283634758, 30.1649988933053], [78.7714102031148, 30.1649343949125], [78.7714886186935, 30.1649177241283], [78.7715067791039, 30.1649822225129]]]}, "properties": {"confidence": 0.6634, "area_in_meters": 57.3, "full_plus_code": "8J2W5Q7C+XHP8", "source": "Google Open Buildings v3"}}, {"type": "Feature", "geometry": {"type": "Polygon", "coordinates": [[[78.7724874278188, 30.1651550125922], [78.7724808498045, 30.1652043423479], [78.7724393661504, 30.1652001655923], [78.7724459441847, 30.1651508358398], [78.7724874278188, 30.1651550125922]]]}, "properties": {"confidence": 0.7952, "area_in_meters": 22.17, "full_plus_code": "8J2W5Q8C+3XG5", "source": "Google Open Buildings v3"}}, {"type": "Feature", "geometry": {"type": "Polygon", "coordinates": [[[78.7796367657646, 30.1604188882902], [78.7795541849255, 30.1604626298987], [78.7795035606067, 30.1603904590175], [78.7795292312781, 30.1603768617298], [78.7795494288114, 30.1604056556769], [78.7796063389497, 30.1603755113766], [78.7796367657646, 30.1604188882902]]]}, "properties": {"confidence": 0.7065, "area_in_meters": 63.36, "full_plus_code": "8J2W5Q6H+5R8M", "source": "Google Open Buildings v3"}}, {"type": "Feature", "geometry": {"type": "Polygon", "coordinates": [[[78.7727072092506, 30.1639633471624], [78.7726970437401, 30.1640672757689], [78.7726036781561, 30.1640603802177], [78.7726012242856, 30.1640854674446], [78.7725579376326, 30.1640822704686], [78.7725705571656, 30.1639532546536], [78.7727072092506, 30.1639633471624]]]}, "properties": {"confidence": 0.8033, "area_in_meters": 164.61, "full_plus_code": "8J2W5Q7F+J32C", "source": "Google Open Buildings v3"}}, {"type": "Feature", "geometry": {"type": "Polygon", "coordinates": [[[78.7728487096352, 30.1642715353178], [78.7728345924617, 30.1643943738973], [78.7727783141832, 30.1643894903205], [78.772792431425, 30.1642666517504], [78.7728487096352, 30.1642715353178]]]}, "properties": {"confidence": 0.8426, "area_in_meters": 74.64, "full_plus_code": "8J2W5Q7F+P4P6", "source": "Google Open Buildings v3"}}, {"type": "Feature", "geometry": {"type": "Polygon", "coordinates": [[[78.7728592969533, 30.1641794109986], [78.772848709634, 30.164271535315], [78.7727924314238, 30.1642666517476], [78.7728030187944, 30.1641745274383], [78.7728592969533, 30.1641794109986]]]}, "properties": {"confidence": 0.837, "area_in_meters": 55.98, "full_plus_code": "8J2W5Q7F+M4PV", "source": "Google Open Buildings v3"}}, {"type": "Feature", "geometry": {"type": "Polygon", "coordinates": [[[78.7728288365154, 30.1643990828763], [78.7728219489392, 30.1644640987504], [78.7727741144596, 30.1644602725186], [78.7727810020666, 30.1643952566484], [78.7728288365154, 30.1643990828763]]]}, "properties": {"confidence": 0.7221, "area_in_meters": 33.53, "full_plus_code": "8J2W5Q7F+Q4F4", "source": "Google Open Buildings v3"}}, {"type": "Feature", "geometry": {"type": "Polygon", "coordinates": [[[78.7733459051482, 30.1611807669734], [78.7733030716738, 30.1611930660006], [78.7732909201595, 30.1611611098592], [78.7733337536211, 30.1611488108354], [78.7733459051482, 30.1611807669734]]]}, "properties": {"confidence": 0.7028, "area_in_meters": 16.23, "full_plus_code": "8J2W5Q6F+F88R", "source": "Google Open Buildings v3"}}, {"type": "Feature", "geometry": {"type": "Polygon", "coordinates": [[[78.7743016241608, 30.161497032008], [78.7743133221845, 30.1615369297593], [78.7742629444196, 30.1615480832444], [78.7742512464155, 30.1615081854898], [78.7743016241608, 30.161497032008]]]}, "properties": {"confidence": 0.6745, "area_in_meters": 22.88, "full_plus_code": "8J2W5Q6F+JP3R", "source": "Google Open Buildings v3"}}, {"type": "Feature", "geometry": {"type": "Polygon", "coordinates": [[[78.775526714876, 30.163065372036], [78.7755251377749, 30.1630879522905], [78.775500147428, 30.1630866343432], [78.7755017245348, 30.1630640540894], [78.775526714876, 30.163065372036]]]}, "properties": {"confidence": 0.6956, "area_in_meters": 6.05, "full_plus_code": "8J2W5Q7G+66J3", "source": "Google Open Buildings v3"}}, {"type": "Feature", "geometry": {"type": "Polygon", "coordinates": [[[78.7779301963952, 30.1632734184179], [78.7778842221152, 30.1633297589638], [78.7778339870278, 30.1632988066175], [78.7778799613199, 30.1632424660897], [78.7779301963952, 30.1632734184179]]]}, "properties": {"confidence": 0.799, "area_in_meters": 45.47, "full_plus_code": "8J2W5Q7H+856C", "source": "Google Open Buildings v3"}}, {"type": "Feature", "geometry": {"type": "Polygon", "coordinates": [[[78.7776031955834, 30.1632287387627], [78.7775931463792, 30.1633139763204], [78.7775338829723, 30.1633087006097], [78.7775362731846, 30.163288426899], [78.7774809372707, 30.1632835007952], [78.7774885963479, 30.16321853696], [78.7776031955834, 30.1632287387627]]]}, "properties": {"confidence": 0.8262, "area_in_meters": 93.4, "full_plus_code": "8J2W5Q7H+823F", "source": "Google Open Buildings v3"}}, {"type": "Feature", "geometry": {"type": "Polygon", "coordinates": [[[78.7799513300906, 30.1639205217996], [78.7798632895971, 30.1639534178512], [78.7798368587988, 30.1639000061821], [78.7799248992512, 30.163867110146], [78.7799513300906, 30.1639205217996]]]}, "properties": {"confidence": 0.7869, "area_in_meters": 59.56, "full_plus_code": "8J2W5Q7H+HX6G", "source": "Google Open Buildings v3"}}, {"type": "Feature", "geometry": {"type": "Polygon", "coordinates": [[[78.7798344152954, 30.162788442793], [78.7798159019825, 30.1628182637159], [78.7797188986935, 30.1627727914397], [78.7797374120255, 30.1627429705313], [78.7798344152954, 30.162788442793]]]}, "properties": {"confidence": 0.6587, "area_in_meters": 39.92, "full_plus_code": "8J2W5Q7H+4W69", "source": "Google Open Buildings v3"}}, {"type": "Feature", "geometry": {"type": "Polygon", "coordinates": [[[78.7798578497602, 30.1624087082838], [78.7798382056619, 30.1624546151761], [78.7797682658147, 30.1624320166922], [78.77978790994, 30.1623861098117], [78.7798578497602, 30.1624087082838]]]}, "properties": {"confidence": 0.7483, "area_in_meters": 39.07, "full_plus_code": "8J2W5Q6H+XW8R", "source": "Google Open Buildings v3"}}, {"type": "Feature", "geometry": {"type": "Polygon", "coordinates": [[[78.7799086764058, 30.1624028046258], [78.7799036960559, 30.1624234634375], [78.7798639413515, 30.162416226688], [78.779868921709, 30.162395567878], [78.7799086764058, 30.1624028046258]]]}, "properties": {"confidence": 0.6855, "area_in_meters": 9.17, "full_plus_code": "8J2W5Q6H+XX67", "source": "Google Open Buildings v3"}}, {"type": "Feature", "geometry": {"type": "Polygon", "coordinates": [[[78.7799481353023, 30.1623325670745], [78.7799153473177, 30.1623996705173], [78.7797967750423, 30.1623559229058], [78.7798295630887, 30.1622888194955], [78.7799481353023, 30.1623325670745]]]}, "properties": {"confidence": 0.8764, "area_in_meters": 100.39, "full_plus_code": "8J2W5Q6H+WWQQ", "source": "Google Open Buildings v3"}}, {"type": "Feature", "geometry": {"type": "Polygon", "coordinates": [[[78.7789477691516, 30.1607660554859], [78.7788927614867, 30.1607484186911], [78.7788993880685, 30.1607328121112], [78.7789407522984, 30.1607085152916], [78.7789684324744, 30.1607173902242], [78.7789477691516, 30.1607660554859]]]}, "properties": {"confidence": 0.6725, "area_in_meters": 27.03, "full_plus_code": "8J2W5Q6H+7HVH", "source": "Google Open Buildings v3"}}, {"type": "Feature", "geometry": {"type": "Polygon", "coordinates": [[[78.7780092937702, 30.1608167713432], [78.7780251937827, 30.1609478713421], [78.7779354937863, 30.1609561713487], [78.7779195937737, 30.1608250713499], [78.7780092937702, 30.1608167713432]]]}, "properties": {"confidence": 0.6772, "area_in_meters": 127.13, "full_plus_code": "8J2W5Q6H+955C", "source": "Google Open Buildings v3"}}, {"type": "Feature", "geometry": {"type": "Polygon", "coordinates": [[[78.7783373138073, 30.1603150353587], [78.7783384021602, 30.1603442058443], [78.7782768963446, 30.1603459386787], [78.7782758080099, 30.1603167681939], [78.7783373138073, 30.1603150353587]]]}, "properties": {"confidence": 0.717, "area_in_meters": 19.2, "full_plus_code": "8J2W5Q6H+48M9", "source": "Google Open Buildings v3"}}, {"type": "Feature", "geometry": {"type": "Polygon", "coordinates": [[[78.7783924421519, 30.1602226988579], [78.7783372524051, 30.160219936428], [78.778338954514, 30.1601942577636], [78.7783941442466, 30.1601970201921], [78.7783924421519, 30.1602226988579]]]}, "properties": {"confidence": 0.6957, "area_in_meters": 15.2, "full_plus_code": "8J2W5Q6H+38Q8", "source": "Google Open Buildings v3"}}, {"type": "Feature", "geometry": {"type": "Polygon", "coordinates": [[[78.7782641208123, 30.1602899284861], [78.7782200083118, 30.1602974831724], [78.7782130439698, 30.1602667756461], [78.7782571564569, 30.1602592209615], [78.7782641208123, 30.1602899284861]]]}, "properties": {"confidence": 0.7142, "area_in_meters": 15.04, "full_plus_code": "8J2W5Q6H+4794", "source": "Google Open Buildings v3"}}, {"type": "Feature", "geometry": {"type": "Polygon", "coordinates": [[[78.7787129936974, 30.1603633712762], [78.7786153937078, 30.1604376712835], [78.7785730937049, 30.1603956712866], [78.7786707936945, 30.1603213712794], [78.7787129936974, 30.1603633712762]]]}, "properties": {"confidence": 0.7931, "area_in_meters": 77.4, "full_plus_code": "8J2W5Q6H+5F24", "source": "Google Open Buildings v3"}}, {"type": "Feature", "geometry": {"type": "Polygon", "coordinates": [[[78.7787301234692, 30.1606319075944], [78.7786555699813, 30.1606636620285], [78.7786385394764, 30.1606334689529], [78.7787130929459, 30.1606017145274], [78.7787301234692, 30.1606319075944]]]}, "properties": {"confidence": 0.6812, "area_in_meters": 29.85, "full_plus_code": "8J2W5Q6H+7F39", "source": "Google Open Buildings v3"}}, {"type": "Feature", "geometry": {"type": "Polygon", "coordinates": [[[78.7788430897882, 30.1604725513756], [78.7787923458968, 30.1604954292988], [78.7787720180432, 30.1604613824981], [78.7788227619206, 30.1604385045819], [78.7788430897882, 30.1604725513756]]]}, "properties": {"confidence": 0.7804, "area_in_meters": 23.44, "full_plus_code": "8J2W5Q6H+5GMQ", "source": "Google Open Buildings v3"}}, {"type": "Feature", "geometry": {"type": "Polygon", "coordinates": [[[78.7787198623309, 30.1604550923543], [78.7786586438297, 30.1604629351005], [78.7786516818711, 30.1604218991595], [78.778712900347, 30.160414056415], [78.7787198623309, 30.1604550923543]]]}, "properties": {"confidence": 0.6643, "area_in_meters": 27.44, "full_plus_code": "8J2W5Q6H+5FFH", "source": "Google Open Buildings v3"}}, {"type": "Feature", "geometry": {"type": "Polygon", "coordinates": [[[78.7787216250329, 30.1603122458096], [78.7787037664906, 30.1603442286229], [78.7786506832659, 30.1603218462759], [78.7786685418208, 30.1602898634703], [78.7787216250329, 30.1603122458096]]]}, "properties": {"confidence": 0.7125, "area_in_meters": 22.42, "full_plus_code": "8J2W5Q6H+4FFQ", "source": "Google Open Buildings v3"}}, {"type": "Feature", "geometry": {"type": "Polygon", "coordinates": [[[78.7789603335223, 30.1606815243949], [78.7788864984985, 30.1607299378717], [78.7788526515723, 30.1606909588372], [78.7789264865808, 30.1606425453787], [78.7789603335223, 30.1606815243949]]]}, "properties": {"confidence": 0.8424, "area_in_meters": 48.29, "full_plus_code": "8J2W5Q6H+7HFC", "source": "Google Open Buildings v3"}}, {"type": "Feature", "geometry": {"type": "Polygon", "coordinates": [[[78.7790867828139, 30.1606070684855], [78.7790826905768, 30.160640369147], [78.7790430281229, 30.1606366886683], [78.7790471203732, 30.1606033880087], [78.7790867828139, 30.1606070684855]]]}, "properties": {"confidence": 0.6606, "area_in_meters": 14.28, "full_plus_code": "8J2W5Q6H+6JWR", "source": "Google Open Buildings v3"}}, {"type": "Feature", "geometry": {"type": "Polygon", "coordinates": [[[78.7790532536093, 30.1606043967028], [78.7790502839224, 30.1606404500769], [78.7790054953343, 30.1606376642803], [78.7790084650373, 30.160601610908], [78.7790532536093, 30.1606043967028]]]}, "properties": {"confidence": 0.7991, "area_in_meters": 17.35, "full_plus_code": "8J2W5Q6H+6JRX", "source": "Google Open Buildings v3"}}, {"type": "Feature", "geometry": {"type": "Polygon", "coordinates": [[[78.7791540762461, 30.1606094351468], [78.7791494146137, 30.1606382286737], [78.7791094999279, 30.1606333489815], [78.7791141615715, 30.160604555456], [78.7791540762461, 30.1606094351468]]]}, "properties": {"confidence": 0.6875, "area_in_meters": 12.53, "full_plus_code": "8J2W5Q6H+6MRR", "source": "Google Open Buildings v3"}}, {"type": "Feature", "geometry": {"type": "Polygon", "coordinates": [[[78.7791537737282, 30.1603668796498], [78.77915110759, 30.1603886537495], [78.7791262443013, 30.1603863548514], [78.7791289104448, 30.1603645807526], [78.7791537737282, 30.1603668796498]]]}, "properties": {"confidence": 0.6808, "area_in_meters": 5.85, "full_plus_code": "8J2W5Q6H+5M23", "source": "Google Open Buildings v3"}}, {"type": "Feature", "geometry": {"type": "Polygon", "coordinates": [[[78.7791947046881, 30.1603724534363], [78.779192980229, 30.1604030208933], [78.7791721793066, 30.1604021347678], [78.7791739037721, 30.1603715673115], [78.7791947046881, 30.1603724534363]]]}, "properties": {"confidence": 0.6629, "area_in_meters": 6.81, "full_plus_code": "8J2W5Q6H+5M3H", "source": "Google Open Buildings v3"}}, {"type": "Feature", "geometry": {"type": "Polygon", "coordinates": [[[78.779316763144, 30.160354021097], [78.779319522587, 30.1603934408774], [78.779248638371, 30.1603971877824], [78.7792458789561, 30.1603577680019], [78.779316763144, 30.160354021097]]]}, "properties": {"confidence": 0.7965, "area_in_meters": 29.98, "full_plus_code": "8J2W5Q6H+5P32", "source": "Google Open Buildings v3"}}, {"type": "Feature", "geometry": {"type": "Polygon", "coordinates": [[[78.7792397392038, 30.1603627331862], [78.7792454466061, 30.1603966770096], [78.7793317432814, 30.1603857200233], [78.7793376061268, 30.1604205881157], [78.7792120551001, 30.1604365291589], [78.7792004849101, 30.1603677172383], [78.7792397392038, 30.1603627331862]]]}, "properties": {"confidence": 0.7827, "area_in_meters": 62.35, "full_plus_code": "8J2W5Q6H+5P63", "source": "Google Open Buildings v3"}}, {"type": "Feature", "geometry": {"type": "Polygon", "coordinates": [[[78.7794130997743, 30.1604152192058], [78.7793408501027, 30.160423026856], [78.7793335789133, 30.1603722179188], [78.7794058285479, 30.1603644102707], [78.7794130997743, 30.1604152192058]]]}, "properties": {"confidence": 0.8125, "area_in_meters": 39.85, "full_plus_code": "8J2W5Q6H+5P5Q", "source": "Google Open Buildings v3"}}, {"type": "Feature", "geometry": {"type": "Polygon", "coordinates": [[[78.779370638724, 30.1605577431314], [78.7793774365932, 30.1606009606608], [78.7793301186025, 30.1606065809005], [78.7793233207541, 30.1605633633697], [78.779370638724, 30.1605577431314]]]}, "properties": {"confidence": 0.7714, "area_in_meters": 22.27, "full_plus_code": "8J2W5Q6H+6PQ6", "source": "Google Open Buildings v3"}}, {"type": "Feature", "geometry": {"type": "Polygon", "coordinates": [[[78.7795075881059, 30.1604285042342], [78.7794189881716, 30.1604397537765], [78.779414131809, 30.1604108716919], [78.7795027317185, 30.1603996221514], [78.7795075881059, 30.1604285042342]]]}, "properties": {"confidence": 0.788, "area_in_meters": 27.94, "full_plus_code": "8J2W5Q6H+5Q8P", "source": "Google Open Buildings v3"}}, {"type": "Feature", "geometry": {"type": "Polygon", "coordinates": [[[78.779430604592, 30.1605088396715], [78.7793820250639, 30.1605150077905], [78.7793748253882, 30.160472189306], [78.7794234048939, 30.1604660211887], [78.779430604592, 30.1605088396715]]]}, "properties": {"confidence": 0.7736, "area_in_meters": 22.71, "full_plus_code": "8J2W5Q6H+5QRQ", "source": "Google Open Buildings v3"}}, {"type": "Feature", "geometry": {"type": "Polygon", "coordinates": [[[78.779418988172, 30.1604397537776], [78.7794234048935, 30.1604660211878], [78.7793748253878, 30.1604721893051], [78.7793704086798, 30.1604459218938], [78.779418988172, 30.1604397537776]]]}, "properties": {"confidence": 0.7634, "area_in_meters": 13.93, "full_plus_code": "8J2W5Q6H+5QJ8", "source": "Google Open Buildings v3"}}, {"type": "Feature", "geometry": {"type": "Polygon", "coordinates": [[[78.7795027317181, 30.1603996221504], [78.7794141318087, 30.1604108716909], [78.7794061029298, 30.1603631217752], [78.7794947027982, 30.1603518722378], [78.7795027317181, 30.1603996221504]]]}, "properties": {"confidence": 0.7972, "area_in_meters": 46.19, "full_plus_code": "8J2W5Q6H+5Q48", "source": "Google Open Buildings v3"}}, {"type": "Feature", "geometry": {"type": "Polygon", "coordinates": [[[78.7796022499414, 30.160359454922], [78.7795122182668, 30.1603938604313], [78.7794893360385, 30.1603486452314], [78.779579367678, 30.1603142397358], [78.7796022499414, 30.160359454922]]]}, "properties": {"confidence": 0.8023, "area_in_meters": 51.94, "full_plus_code": "8J2W5Q6H+4RV3", "source": "Google Open Buildings v3"}}, {"type": "Feature", "geometry": {"type": "Polygon", "coordinates": [[[78.7797030536289, 30.1603247241132], [78.7796286800745, 30.1603735091307], [78.7795920955282, 30.1603313929825], [78.7796664690658, 30.1602826079853], [78.7797030536289, 30.1603247241132]]]}, "properties": {"confidence": 0.74, "area_in_meters": 52.57, "full_plus_code": "8J2W5Q6H+4VJ4", "source": "Google Open Buildings v3"}}, {"type": "Feature", "geometry": {"type": "Polygon", "coordinates": [[[78.7797890719688, 30.1604071682793], [78.7797235921033, 30.1604378912285], [78.7797036730024, 30.1604058334956], [78.7797691528514, 30.1603751105554], [78.7797890719688, 30.1604071682793]]]}, "properties": {"confidence": 0.6828, "area_in_meters": 28.98, "full_plus_code": "8J2W5Q6H+5V99", "source": "Google Open Buildings v3"}}, {"type": "Feature", "geometry": {"type": "Polygon", "coordinates": [[[78.7765115218707, 30.1580704450502], [78.7764898698297, 30.1580956422903], [78.7764550638924, 30.1580730563575], [78.7764767159362, 30.1580478591233], [78.7765115218707, 30.1580704450502]]]}, "properties": {"confidence": 0.6946, "area_in_meters": 14.6, "full_plus_code": "8J2W5Q5G+6HHV", "source": "Google Open Buildings v3"}}, {"type": "Feature", "geometry": {"type": "Polygon", "coordinates": [[[78.7799140792983, 30.1601126395944], [78.7798205715743, 30.1601719680871], [78.7797911389828, 30.1601369386289], [78.7798846466882, 30.160077610156], [78.7799140792983, 30.1601126395944]]]}, "properties": {"confidence": 0.8278, "area_in_meters": 53.68, "full_plus_code": "8J2W5Q6H+2WXV", "source": "Google Open Buildings v3"}}, {"type": "Feature", "geometry": {"type": "Polygon", "coordinates": [[[78.7798458921257, 30.1602020835349], [78.7798208367911, 30.1601717818766], [78.7798878190422, 30.1601299590095], [78.7799128743889, 30.1601602606555], [78.7798458921257, 30.1602020835349]]]}, "properties": {"confidence": 0.7268, "area_in_meters": 32.9, "full_plus_code": "8J2W5Q6H+3W9P", "source": "Google Open Buildings v3"}}, {"type": "Feature", "geometry": {"type": "Polygon", "coordinates": [[[78.7797014510257, 30.1602186327894], [78.7797255411091, 30.1602132529052], [78.7797344426979, 30.1602433519175], [78.7796909629907, 30.1602530619581], [78.7796781061188, 30.1602095888443], [78.7796974957268, 30.1602052586904], [78.7797014510257, 30.1602186327894]]]}, "properties": {"confidence": 0.7166, "area_in_meters": 17.87, "full_plus_code": "8J2W5Q6H+3VW8", "source": "Google Open Buildings v3"}}, {"type": "Feature", "geometry": {"type": "Polygon", "coordinates": [[[78.7797284625843, 30.1602919258533], [78.7797021288943, 30.1603122892401], [78.7796721612473, 30.1602830252548], [78.7796984949347, 30.1602626618738], [78.7797284625843, 30.1602919258533]]]}, "properties": {"confidence": 0.6636, "area_in_meters": 14.76, "full_plus_code": "8J2W5Q6H+4V8F", "source": "Google Open Buildings v3"}}, {"type": "Feature", "geometry": {"type": "Polygon", "coordinates": [[[78.7796984533532, 30.1602418356316], [78.779682936617, 30.1602625789517], [78.7796407670834, 30.1602387590219], [78.779656283824, 30.1602180157071], [78.7796984533532, 30.1602418356316]]]}, "properties": {"confidence": 0.6717, "area_in_meters": 13.3, "full_plus_code": "8J2W5Q6H+3VVM", "source": "Google Open Buildings v3"}}, {"type": "Feature", "geometry": {"type": "Polygon", "coordinates": [[[78.7797707243344, 30.1602580849749], [78.7797332272179, 30.1602731824145], [78.7797162289748, 30.1602413024295], [78.7797537260813, 30.160226204994], [78.7797707243344, 30.1602580849749]]]}, "properties": {"confidence": 0.6764, "area_in_meters": 15.52, "full_plus_code": "8J2W5Q6H+3VXX", "source": "Google Open Buildings v3"}}, {"type": "Feature", "geometry": {"type": "Polygon", "coordinates": [[[78.7796691288264, 30.1602719193153], [78.7795840761899, 30.160318049315], [78.7795363514601, 30.1602516035426], [78.7796214040576, 30.1602054735719], [78.7796691288264, 30.1602719193153]]]}, "properties": {"confidence": 0.8866, "area_in_meters": 83.95, "full_plus_code": "8J2W5Q6H+4R5F", "source": "Google Open Buildings v3"}}, {"type": "Feature", "geometry": {"type": "Polygon", "coordinates": [[[78.7797481801716, 30.1601590015216], [78.7797275693507, 30.1601913978781], [78.7796893158233, 30.1601730201913], [78.7797099266521, 30.1601406238408], [78.7797481801716, 30.1601590015216]]]}, "properties": {"confidence": 0.736, "area_in_meters": 17.3, "full_plus_code": "8J2W5Q6H+3V8Q", "source": "Google Open Buildings v3"}}, {"type": "Feature", "geometry": {"type": "Polygon", "coordinates": [[[78.7763754396878, 30.157693337527], [78.7763667718283, 30.1577264772171], [78.7762800571534, 30.1577093495277], [78.7762887250395, 30.1576762098448], [78.7763754396878, 30.157693337527]]]}, "properties": {"confidence": 0.7787, "area_in_meters": 32.31, "full_plus_code": "8J2W5Q5G+3GP3", "source": "Google Open Buildings v3"}}, {"type": "Feature", "geometry": {"type": "Polygon", "coordinates": [[[78.7737556830112, 30.161250036756], [78.7737512024287, 30.1612884650079], [78.7736571895769, 30.1612801878128], [78.7736616701951, 30.1612417595659], [78.7737556830112, 30.161250036756]]]}, "properties": {"confidence": 0.8126, "area_in_meters": 39.02, "full_plus_code": "8J2W5Q6F+GF4P", "source": "Google Open Buildings v3"}}, {"type": "Feature", "geometry": {"type": "Polygon", "coordinates": [[[78.77641178126, 30.157738708007], [78.7763979692786, 30.1577734323881], [78.776357780543, 30.1577613607104], [78.7763715925363, 30.1577266363339], [78.77641178126, 30.157738708007]]]}, "properties": {"confidence": 0.6953, "area_in_meters": 16.7, "full_plus_code": "8J2W5Q5G+4H23", "source": "Google Open Buildings v3"}}, {"type": "Feature", "geometry": {"type": "Polygon", "coordinates": [[[78.7764228071755, 30.1578660727203], [78.776377774038, 30.1579166053644], [78.7763192604864, 30.1578772270286], [78.7763646853584, 30.1578269580276], [78.7764228071755, 30.1578660727203]]]}, "properties": {"confidence": 0.8441, "area_in_meters": 50.4, "full_plus_code": "8J2W5Q5G+4GXX", "source": "Google Open Buildings v3"}}, {"type": "Feature", "geometry": {"type": "Polygon", "coordinates": [[[78.7765127934869, 30.1578183713783], [78.7764664934967, 30.1579027713818], [78.7764210934962, 30.1578840713851], [78.7764673934864, 30.1577996713817], [78.7765127934869, 30.1578183713783]]]}, "properties": {"confidence": 0.6822, "area_in_meters": 50.22, "full_plus_code": "8J2W5Q5G+4HW5", "source": "Google Open Buildings v3"}}, {"type": "Feature", "geometry": {"type": "Polygon", "coordinates": [[[78.7764368040495, 30.1579794687706], [78.7764496933532, 30.1579650054104], [78.7764783560557, 30.157984294726], [78.7764480917533, 30.1580173297882], [78.7764084263522, 30.1579898883415], [78.7764252775071, 30.157971494439], [78.7764368040495, 30.1579794687706]]]}, "properties": {"confidence": 0.6943, "area_in_meters": 19.89, "full_plus_code": "8J2W5Q5G+5HWC", "source": "Google Open Buildings v3"}}, {"type": "Feature", "geometry": {"type": "Polygon", "coordinates": [[[78.7763510935116, 30.1580055713931], [78.7763165935095, 30.1579737713957], [78.7764115934988, 30.1578961713886], [78.776445993501, 30.1579279713861], [78.7763510935116, 30.1580055713931]]]}, "properties": {"confidence": 0.7308, "area_in_meters": 60.86, "full_plus_code": "8J2W5Q5G+5HJ2", "source": "Google Open Buildings v3"}}, {"type": "Feature", "geometry": {"type": "Polygon", "coordinates": [[[78.7764326239839, 30.1580077692464], [78.7764138072079, 30.1580403859232], [78.7763787181687, 30.1580250991313], [78.776397534953, 30.1579924824601], [78.7764326239839, 30.1580077692464]]]}, "properties": {"confidence": 0.7359, "area_in_meters": 15.31, "full_plus_code": "8J2W5Q5G+6H2Q", "source": "Google Open Buildings v3"}}, {"type": "Feature", "geometry": {"type": "Polygon", "coordinates": [[[78.776333117118, 30.1581939423813], [78.7762894204066, 30.1581585218061], [78.7763650888404, 30.1580880287934], [78.7764087855523, 30.1581234493441], [78.776333117118, 30.1581939423813]]]}, "properties": {"confidence": 0.7968, "area_in_meters": 61.58, "full_plus_code": "8J2W5Q5G+7G5J", "source": "Google Open Buildings v3"}}, {"type": "Feature", "geometry": {"type": "Polygon", "coordinates": [[[78.7764418864998, 30.1581393586201], [78.7764329938823, 30.1581664271071], [78.7763919254295, 30.1581562385589], [78.7764008180569, 30.1581291700751], [78.7764418864998, 30.1581393586201]]]}, "properties": {"confidence": 0.6997, "area_in_meters": 12.85, "full_plus_code": "8J2W5Q5G+7H3V", "source": "Google Open Buildings v3"}}, {"type": "Feature", "geometry": {"type": "Polygon", "coordinates": [[[78.7764869476292, 30.1581042616418], [78.776449786334, 30.1581332005507], [78.7764206953832, 30.158104990416], [78.7764578566748, 30.158076051515], [78.7764869476292, 30.1581042616418]]]}, "properties": {"confidence": 0.7336, "area_in_meters": 20.21, "full_plus_code": "8J2W5Q5G+6HW4", "source": "Google Open Buildings v3"}}, {"type": "Feature", "geometry": {"type": "Polygon", "coordinates": [[[78.7758421546432, 30.158292225954], [78.7757300246469, 30.1583731352917], [78.7756933057278, 30.1583347071004], [78.7757841564, 30.1582691522594], [78.7758026820948, 30.1582885403138], [78.7758239614032, 30.1582731858443], [78.7758421546432, 30.158292225954]]]}, "properties": {"confidence": 0.7077, "area_in_meters": 70.38, "full_plus_code": "8J2W5Q5G+88CM", "source": "Google Open Buildings v3"}}, {"type": "Feature", "geometry": {"type": "Polygon", "coordinates": [[[78.7762205927325, 30.1581636179891], [78.7762677298035, 30.1582043811661], [78.7762439652312, 30.158225133274], [78.7761968281619, 30.1581843700889], [78.7762205927325, 30.1581636179891]]]}, "properties": {"confidence": 0.7219, "area_in_meters": 20.81, "full_plus_code": "8J2W5Q5G+7FHM", "source": "Google Open Buildings v3"}}, {"type": "Feature", "geometry": {"type": "Polygon", "coordinates": [[[78.7762690008598, 30.1582713800432], [78.7762327963554, 30.1583128279174], [78.776186175311, 30.158282075489], [78.776222379822, 30.1582406276279], [78.7762690008598, 30.1582713800432]]]}, "properties": {"confidence": 0.7729, "area_in_meters": 32.56, "full_plus_code": "8J2W5Q5G+8F93", "source": "Google Open Buildings v3"}}, {"type": "Feature", "geometry": {"type": "Polygon", "coordinates": [[[78.7761542516804, 30.1583034743604], [78.7761071146169, 30.1582627111453], [78.7761296549297, 30.1582430281615], [78.7761038547744, 30.158220716673], [78.7761710280056, 30.158162058615], [78.7762439652317, 30.1582251332751], [78.7761542516804, 30.1583034743604]]]}, "properties": {"confidence": 0.7972, "area_in_meters": 110.78, "full_plus_code": "8J2W5Q5G+7FV7", "source": "Google Open Buildings v3"}}, {"type": "Feature", "geometry": {"type": "Polygon", "coordinates": [[[78.7761023152097, 30.1583608126024], [78.7760893975193, 30.1583853015175], [78.7760476119912, 30.158368656758], [78.7760605296895, 30.1583441678475], [78.7761023152097, 30.1583608126024]]]}, "properties": {"confidence": 0.73, "area_in_meters": 13.24, "full_plus_code": "8J2W5Q5G+8CWF", "source": "Google Open Buildings v3"}}, {"type": "Feature", "geometry": {"type": "Polygon", "coordinates": [[[78.7763880656337, 30.1577774139197], [78.7763480541331, 30.1578338733392], [78.776285721729, 30.1578005150482], [78.7763257332492, 30.1577440556488], [78.7763880656337, 30.1577774139197]]]}, "properties": {"confidence": 0.7755, "area_in_meters": 51.89, "full_plus_code": "8J2W5Q5G+4G8H", "source": "Google Open Buildings v3"}}, {"type": "Feature", "geometry": {"type": "Polygon", "coordinates": [[[78.7761429494938, 30.1581878478188], [78.776095047889, 30.1581960690004], [78.7760767842439, 30.1581157086697], [78.7761246858105, 30.1581074874929], [78.7761429494938, 30.1581878478188]]]}, "properties": {"confidence": 0.7761, "area_in_meters": 42.76, "full_plus_code": "8J2W5Q5G+7C94", "source": "Google Open Buildings v3"}}, {"type": "Feature", "geometry": {"type": "Polygon", "coordinates": [[[78.7761519647379, 30.1580341772351], [78.7761176111916, 30.1580392542712], [78.7761247881684, 30.158075926906], [78.7760742867634, 30.1580833903815], [78.7760533351526, 30.1579763323176], [78.7761381900257, 30.1579637918132], [78.7761519647379, 30.1580341772351]]]}, "properties": {"confidence": 0.7848, "area_in_meters": 86.07, "full_plus_code": "8J2W5Q5G+6C5J", "source": "Google Open Buildings v3"}}, {"type": "Feature", "geometry": {"type": "Polygon", "coordinates": [[[78.776077770576, 30.1580846063503], [78.7760420862307, 30.1580919926598], [78.7760314064514, 30.1580530297365], [78.7760670907829, 30.1580456434292], [78.776077770576, 30.1580846063503]]]}, "properties": {"confidence": 0.7468, "area_in_meters": 15.71, "full_plus_code": "8J2W5Q5G+6CFP", "source": "Google Open Buildings v3"}}, {"type": "Feature", "geometry": {"type": "Polygon", "coordinates": [[[78.7762476682073, 30.1581050015494], [78.7761972583183, 30.1581287814075], [78.7761832030025, 30.1581062812423], [78.776233612883, 30.1580825013891], [78.7762476682073, 30.1581050015494]]]}, "properties": {"confidence": 0.6923, "area_in_meters": 15.7, "full_plus_code": "8J2W5Q5G+6FW9", "source": "Google Open Buildings v3"}}, {"type": "Feature", "geometry": {"type": "Polygon", "coordinates": [[[78.7762964802865, 30.1581306495885], [78.7762397521986, 30.1581801867092], [78.7761947925746, 30.1581413065173], [78.7762515206601, 30.1580917694158], [78.7762964802865, 30.1581306495885]]]}, "properties": {"confidence": 0.7744, "area_in_meters": 47.39, "full_plus_code": "8J2W5Q5G+7F5H", "source": "Google Open Buildings v3"}}, {"type": "Feature", "geometry": {"type": "Polygon", "coordinates": [[[78.776272221512, 30.1580436146083], [78.7762192873364, 30.1580608425327], [78.7762036531115, 30.1580245665761], [78.7762565872697, 30.1580073386568], [78.776272221512, 30.1580436146083]]]}, "properties": {"confidence": 0.7439, "area_in_meters": 23.41, "full_plus_code": "8J2W5Q5G+6F98", "source": "Google Open Buildings v3"}}, {"type": "Feature", "geometry": {"type": "Polygon", "coordinates": [[[78.7763240622016, 30.1580267425414], [78.7762722215118, 30.1580436146077], [78.7762565872694, 30.1580073386563], [78.7763084279422, 30.1579904665952], [78.7763240622016, 30.1580267425414]]]}, "properties": {"confidence": 0.7496, "area_in_meters": 22.92, "full_plus_code": "8J2W5Q5G+6G3M", "source": "Google Open Buildings v3"}}, {"type": "Feature", "geometry": {"type": "Polygon", "coordinates": [[[78.7762675095833, 30.1579175317072], [78.7762668010584, 30.1579490932099], [78.7761913186244, 30.1579478135606], [78.7761920271734, 30.1579162520594], [78.7762675095833, 30.1579175317072]]]}, "properties": {"confidence": 0.7498, "area_in_meters": 25.48, "full_plus_code": "8J2W5Q5G+5FH7", "source": "Google Open Buildings v3"}}, {"type": "Feature", "geometry": {"type": "Polygon", "coordinates": [[[78.7762443476746, 30.1578466552446], [78.7761806187522, 30.1578432519996], [78.7761833328188, 30.1578048721835], [78.7762205810052, 30.1578068613102], [78.7762221905353, 30.1577841006824], [78.776248671241, 30.1577855147977], [78.7762443476746, 30.1578466552446]]]}, "properties": {"confidence": 0.7496, "area_in_meters": 32.72, "full_plus_code": "8J2W5Q5G+4FGQ", "source": "Google Open Buildings v3"}}, {"type": "Feature", "geometry": {"type": "Polygon", "coordinates": [[[78.7761659310459, 30.1578716586072], [78.7761265847257, 30.1578792416768], [78.7761179989429, 30.1578455998225], [78.77615734525, 30.1578380167547], [78.7761659310459, 30.1578716586072]]]}, "properties": {"confidence": 0.7498, "area_in_meters": 14.85, "full_plus_code": "8J2W5Q5G+4FR8", "source": "Google Open Buildings v3"}}, {"type": "Feature", "geometry": {"type": "Polygon", "coordinates": [[[78.7763061724688, 30.1578472400418], [78.7763007443452, 30.1578909035823], [78.7762385544412, 30.1578850652022], [78.7762439825917, 30.1578414016658], [78.7763061724688, 30.1578472400418]]]}, "properties": {"confidence": 0.7015, "area_in_meters": 29.37, "full_plus_code": "8J2W5Q5G+4GRP", "source": "Google Open Buildings v3"}}, {"type": "Feature", "geometry": {"type": "Polygon", "coordinates": [[[78.7763278918747, 30.1577294967895], [78.7763052218429, 30.1577659521899], [78.7762634795394, 30.157746349822], [78.7762861495814, 30.1577098944291], [78.7763278918747, 30.1577294967895]]]}, "properties": {"confidence": 0.771, "area_in_meters": 21.02, "full_plus_code": "8J2W5Q5G+3GVF", "source": "Google Open Buildings v3"}}, {"type": "Feature", "geometry": {"type": "Polygon", "coordinates": [[[78.7763782130253, 30.1576200972191], [78.7763541723968, 30.1576863316073], [78.7762529645459, 30.157658590761], [78.7762770052332, 30.157592356394], [78.7763782130253, 30.1576200972191]]]}, "properties": {"confidence": 0.7988, "area_in_meters": 78.79, "full_plus_code": "8J2W5Q5G+3G4C", "source": "Google Open Buildings v3"}}, {"type": "Feature", "geometry": {"type": "Polygon", "coordinates": [[[78.7762856446382, 30.1576714284079], [78.7762663970881, 30.1577373903858], [78.7762239351382, 30.1577280336556], [78.7762431827141, 30.1576620716851], [78.7762856446382, 30.1576714284079]]]}, "properties": {"confidence": 0.7801, "area_in_meters": 31.87, "full_plus_code": "8J2W5Q5G+3GCR", "source": "Google Open Buildings v3"}}, {"type": "Feature", "geometry": {"type": "Polygon", "coordinates": [[[78.7762140790854, 30.1577446742438], [78.7762227338785, 30.1577982947994], [78.7761599561009, 30.1578059467433], [78.7761513013414, 30.1577523261854], [78.7762140790854, 30.1577446742438]]]}, "properties": {"confidence": 0.7046, "area_in_meters": 36.7, "full_plus_code": "8J2W5Q5G+4F75", "source": "Google Open Buildings v3"}}, {"type": "Feature", "geometry": {"type": "Polygon", "coordinates": [[[78.7762020077902, 30.1576765222204], [78.7762076005691, 30.1577421215765], [78.7761627507739, 30.1577450091245], [78.7761571580248, 30.1576794097678], [78.7762020077902, 30.1576765222204]]]}, "properties": {"confidence": 0.7647, "area_in_meters": 31.63, "full_plus_code": "8J2W5Q5G+3FMH", "source": "Google Open Buildings v3"}}, {"type": "Feature", "geometry": {"type": "Polygon", "coordinates": [[[78.7761543378405, 30.1579587475773], [78.7760790609152, 30.1579743292216], [78.7760674779985, 30.1579320714138], [78.7761427548925, 30.1579164897747], [78.7761543378405, 30.1579587475773]]]}, "properties": {"confidence": 0.7071, "area_in_meters": 35.94, "full_plus_code": "8J2W5Q5G+5CHW", "source": "Google Open Buildings v3"}}, {"type": "Feature", "geometry": {"type": "Polygon", "coordinates": [[[78.7760019684515, 30.1579456312592], [78.7759875341434, 30.1578929705818], [78.7760763019306, 30.1578745964922], [78.7760907362847, 30.1579272571624], [78.7760019684515, 30.1579456312592]]]}, "properties": {"confidence": 0.7219, "area_in_meters": 52.81, "full_plus_code": "8J2W5Q5G+5C7F", "source": "Google Open Buildings v3"}}, {"type": "Feature", "geometry": {"type": "Polygon", "coordinates": [[[78.7758670101515, 30.157638766339], [78.7758655201522, 30.1576659840196], [78.7758199417681, 30.1576640997709], [78.7758214317799, 30.1576368820913], [78.7758670101515, 30.157638766339]]]}, "properties": {"confidence": 0.6701, "area_in_meters": 13.29, "full_plus_code": "8J2W5Q5G+3885", "source": "Google Open Buildings v3"}}, {"type": "Feature", "geometry": {"type": "Polygon", "coordinates": [[[78.7758655201527, 30.1576659840208], [78.7758622207983, 30.1577262529395], [78.7758166423867, 30.1577243686883], [78.7758199417686, 30.1576640997721], [78.7758655201527, 30.1576659840208]]]}, "properties": {"confidence": 0.8408, "area_in_meters": 29.43, "full_plus_code": "8J2W5Q5G+38GX", "source": "Google Open Buildings v3"}}, {"type": "Feature", "geometry": {"type": "Polygon", "coordinates": [[[78.7758496519786, 30.1577322767373], [78.7758544710517, 30.1577528837008], [78.7758300895277, 30.1577571894799], [78.7758252704595, 30.1577365825158], [78.7758496519786, 30.1577322767373]]]}, "properties": {"confidence": 0.6563, "area_in_meters": 5.59, "full_plus_code": "8J2W5Q5G+38WQ", "source": "Google Open Buildings v3"}}, {"type": "Feature", "geometry": {"type": "Polygon", "coordinates": [[[78.7758513944957, 30.1577772943581], [78.7758316781703, 30.1578060383218], [78.7757964026916, 30.1577877660028], [78.775816119023, 30.1577590220443], [78.7758513944957, 30.1577772943581]]]}, "properties": {"confidence": 0.7222, "area_in_meters": 14.69, "full_plus_code": "8J2W5Q5G+4887", "source": "Google Open Buildings v3"}}, {"type": "Feature", "geometry": {"type": "Polygon", "coordinates": [[[78.7757660877969, 30.1577805344957], [78.7757761924768, 30.1578133250918], [78.7757359354445, 30.1578226932846], [78.7757258307773, 30.1577899026863], [78.7757660877969, 30.1577805344957]]]}, "properties": {"confidence": 0.7857, "area_in_meters": 15.12, "full_plus_code": "8J2W5Q5G+48C2", "source": "Google Open Buildings v3"}}, {"type": "Feature", "geometry": {"type": "Polygon", "coordinates": [[[78.7757493371074, 30.1576930250074], [78.7757678499635, 30.1577852093151], [78.7757166877128, 30.1577927635504], [78.7756982148131, 30.157700777974], [78.7757493371074, 30.1576930250074]]]}, "properties": {"confidence": 0.7231, "area_in_meters": 51.86, "full_plus_code": "8J2W5Q5G+37XM", "source": "Google Open Buildings v3"}}, {"type": "Feature", "geometry": {"type": "Polygon", "coordinates": [[[78.7757671537661, 30.1576077924104], [78.7757558688844, 30.1576401436411], [78.7757182375843, 30.1576302307935], [78.7757295224766, 30.1575978795666], [78.7757671537661, 30.1576077924104]]]}, "properties": {"confidence": 0.6794, "area_in_meters": 14.21, "full_plus_code": "8J2W5Q5G+27XQ", "source": "Google Open Buildings v3"}}, {"type": "Feature", "geometry": {"type": "Polygon", "coordinates": [[[78.7756197975323, 30.1577128669477], [78.7755890958028, 30.1577169381455], [78.7755817168719, 30.1576749161656], [78.7756124185884, 30.1576708449687], [78.7756197975323, 30.1577128669477]]]}, "properties": {"confidence": 0.6573, "area_in_meters": 14.11, "full_plus_code": "8J2W5Q5G+36HJ", "source": "Google Open Buildings v3"}}, {"type": "Feature", "geometry": {"type": "Polygon", "coordinates": [[[78.7756899365885, 30.1576734402942], [78.7756854601522, 30.1577194101952], [78.7756255891213, 30.1577150074954], [78.7756300655846, 30.1576690375979], [78.7756899365885, 30.1576734402942]]]}, "properties": {"confidence": 0.8062, "area_in_meters": 29.63, "full_plus_code": "8J2W5Q5G+37FJ", "source": "Google Open Buildings v3"}}, {"type": "Feature", "geometry": {"type": "Polygon", "coordinates": [[[78.7756346258493, 30.1577122703367], [78.7756448457706, 30.1577585063416], [78.7757063965761, 30.1577482322521], [78.7757154085317, 30.1577890031441], [78.7756037873659, 30.1578076349765], [78.7755845555573, 30.1577206280715], [78.7756346258493, 30.1577122703367]]]}, "properties": {"confidence": 0.8041, "area_in_meters": 76.11, "full_plus_code": "8J2W5Q5G+472G", "source": "Google Open Buildings v3"}}, {"type": "Feature", "geometry": {"type": "Polygon", "coordinates": [[[78.7756519916092, 30.1578116771631], [78.7756533808233, 30.1578422528754], [78.7756086700491, 30.1578437869395], [78.7756072808488, 30.1578132112271], [78.7756519916092, 30.1578116771631]]]}, "properties": {"confidence": 0.6944, "area_in_meters": 14.64, "full_plus_code": "8J2W5Q5G+47J2", "source": "Google Open Buildings v3"}}, {"type": "Feature", "geometry": {"type": "Polygon", "coordinates": [[[78.7758199518448, 30.157862055251], [78.7756229353947, 30.1579007514458], [78.7756109810211, 30.1578556577272], [78.7758082123554, 30.1578169193232], [78.7758199518448, 30.157862055251]]]}, "properties": {"confidence": 0.8565, "area_in_meters": 99.98, "full_plus_code": "8J2W5Q5G+47W9", "source": "Google Open Buildings v3"}}, {"type": "Feature", "geometry": {"type": "Polygon", "coordinates": [[[78.7756823861743, 30.1579746824703], [78.7756089320009, 30.1580031392017], [78.775575880199, 30.1579387123842], [78.7756493343315, 30.1579102556699], [78.7756823861743, 30.1579746824703]]]}, "properties": {"confidence": 0.8177, "area_in_meters": 60.65, "full_plus_code": "8J2W5Q5G+57J6", "source": "Google Open Buildings v3"}}, {"type": "Feature", "geometry": {"type": "Polygon", "coordinates": [[[78.7756749670535, 30.1580754753753], [78.775635454358, 30.1581225212561], [78.7755875278146, 30.1580926699588], [78.7756266978632, 30.1580451795867], [78.7756749670535, 30.1580754753753]]]}, "properties": {"confidence": 0.6735, "area_in_meters": 36.95, "full_plus_code": "8J2W5Q5G+67J6", "source": "Google Open Buildings v3"}}, {"type": "Feature", "geometry": {"type": "Polygon", "coordinates": [[[78.7756357409041, 30.1581524594972], [78.7756177899766, 30.1581861149448], [78.7755810886996, 30.1581713323457], [78.7755990396362, 30.1581376769037], [78.7756357409041, 30.1581524594972]]]}, "properties": {"confidence": 0.7751, "area_in_meters": 16.04, "full_plus_code": "8J2W5Q5G+769F", "source": "Google Open Buildings v3"}}, {"type": "Feature", "geometry": {"type": "Polygon", "coordinates": [[[78.7756421879395, 30.1581569476059], [78.7756214787738, 30.1581382354435], [78.7756544054555, 30.1581107169407], [78.7756751146224, 30.1581294290979], [78.7756421879395, 30.1581569476059]]]}, "properties": {"confidence": 0.7311, "area_in_meters": 12.68, "full_plus_code": "8J2W5Q5G+7728", "source": "Google Open Buildings v3"}}, {"type": "Feature", "geometry": {"type": "Polygon", "coordinates": [[[78.7757795982051, 30.1581411461981], [78.7757423440311, 30.1581850270913], [78.7756861389514, 30.1581489930205], [78.775722973612, 30.158105606291], [78.7757795982051, 30.1581411461981]]]}, "properties": {"confidence": 0.8006, "area_in_meters": 40.49, "full_plus_code": "8J2W5Q5G+775V", "source": "Google Open Buildings v3"}}, {"type": "Feature", "geometry": {"type": "Polygon", "coordinates": [[[78.7759163046513, 30.1579664654198], [78.775907642268, 30.158035190095], [78.7758468136971, 30.1580294001715], [78.7758554761216, 30.1579606755023], [78.7759163046513, 30.1579664654198]]]}, "properties": {"confidence": 0.8917, "area_in_meters": 45.23, "full_plus_code": "8J2W5Q5G+59RR", "source": "Google Open Buildings v3"}}, {"type": "Feature", "geometry": {"type": "Polygon", "coordinates": [[[78.7758822027352, 30.1581079086727], [78.7758031782177, 30.1581748067917], [78.7757312089507, 30.1581106069881], [78.7758102334605, 30.1580437089125], [78.7758822027352, 30.1581079086727]]]}, "properties": {"confidence": 0.8966, "area_in_meters": 105.71, "full_plus_code": "8J2W5Q5G+68V9", "source": "Google Open Buildings v3"}}, {"type": "Feature", "geometry": {"type": "Polygon", "coordinates": [[[78.7755756271904, 30.1579688767613], [78.7755154234101, 30.1579762385965], [78.7755097670569, 30.1579413072953], [78.7755699708161, 30.1579339454615], [78.7755756271904, 30.1579688767613]]]}, "properties": {"confidence": 0.7855, "area_in_meters": 22.93, "full_plus_code": "8J2W5Q5G+56M7", "source": "Google Open Buildings v3"}}, {"type": "Feature", "geometry": {"type": "Polygon", "coordinates": [[[78.7757190935513, 30.1581770714481], [78.7756291935609, 30.1582462714547], [78.7755947935587, 30.1582124714573], [78.775684793549, 30.1581432714506], [78.7757190935513, 30.1581770714481]]]}, "properties": {"confidence": 0.7958, "area_in_meters": 57.92, "full_plus_code": "8J2W5Q5G+77FJ", "source": "Google Open Buildings v3"}}, {"type": "Feature", "geometry": {"type": "Polygon", "coordinates": [[[78.7756536136509, 30.1582965264338], [78.775640358954, 30.1583188817989], [78.7756094218871, 30.1583050300696], [78.775622676589, 30.1582826747079], [78.7756536136509, 30.1582965264338]]]}, "properties": {"confidence": 0.6801, "area_in_meters": 9.36, "full_plus_code": "8J2W5Q5G+87C2", "source": "Google Open Buildings v3"}}, {"type": "Feature", "geometry": {"type": "Polygon", "coordinates": [[[78.775804197063, 30.1583781124887], [78.7757152458174, 30.1584422967109], [78.7756821611477, 30.1584076719576], [78.7757711123803, 30.1583434877573], [78.775804197063, 30.1583781124887]]]}, "properties": {"confidence": 0.7769, "area_in_meters": 55.63, "full_plus_code": "8J2W5Q5G+975Q", "source": "Google Open Buildings v3"}}, {"type": "Feature", "geometry": {"type": "Polygon", "coordinates": [[[78.775977213451, 30.1586107841517], [78.775949339236, 30.158649534003], [78.7758791914715, 30.1586114291221], [78.7759070657012, 30.1585726792862], [78.775977213451, 30.1586107841517]]]}, "properties": {"confidence": 0.6966, "area_in_meters": 40.41, "full_plus_code": "8J2W5Q5G+C9VG", "source": "Google Open Buildings v3"}}, {"type": "Feature", "geometry": {"type": "Polygon", "coordinates": [[[78.7761333994773, 30.1584207685214], [78.7761110612911, 30.1584505792027], [78.7760227943191, 30.1584006321083], [78.7760451325179, 30.1583708214432], [78.7761333994773, 30.1584207685214]]]}, "properties": {"confidence": 0.7558, "area_in_meters": 40.06, "full_plus_code": "8J2W5Q5G+9C8F", "source": "Google Open Buildings v3"}}, {"type": "Feature", "geometry": {"type": "Polygon", "coordinates": [[[78.7753071836439, 30.1579891038617], [78.7753792475249, 30.158121044035], [78.7753260966157, 30.1581429665242], [78.7752897968005, 30.1580765059698], [78.7752644186952, 30.1580869733472], [78.7752286547022, 30.158021493696], [78.7753071836439, 30.1579891038617]]]}, "properties": {"confidence": 0.7734, "area_in_meters": 113.63, "full_plus_code": "8J2W5Q5G+64FH", "source": "Google Open Buildings v3"}}, {"type": "Feature", "geometry": {"type": "Polygon", "coordinates": [[[78.7754054132869, 30.1580045601847], [78.7754357509821, 30.1580673729024], [78.7753989357071, 30.1580808006095], [78.7753686389569, 30.1580180726171], [78.7754054132869, 30.1580045601847]]]}, "properties": {"confidence": 0.8072, "area_in_meters": 29.06, "full_plus_code": "8J2W5Q5G+656Q", "source": "Google Open Buildings v3"}}, {"type": "Feature", "geometry": {"type": "Polygon", "coordinates": [[[78.7753223831221, 30.1581861267038], [78.77528228904, 30.158196176863], [78.7752714848135, 30.1581636277557], [78.7753115788829, 30.1581535775991], [78.7753223831221, 30.1581861267038]]]}, "properties": {"confidence": 0.7609, "area_in_meters": 15.11, "full_plus_code": "8J2W5Q5G+747W", "source": "Google Open Buildings v3"}}, {"type": "Feature", "geometry": {"type": "Polygon", "coordinates": [[[78.7754031182944, 30.1582326399506], [78.7753590036576, 30.1582367482226], [78.7753535147982, 30.1581922396343], [78.7753976294151, 30.1581881313631], [78.7754031182944, 30.1582326399506]]]}, "properties": {"confidence": 0.7011, "area_in_meters": 21.23, "full_plus_code": "8J2W5Q5G+75JC", "source": "Google Open Buildings v3"}}, {"type": "Feature", "geometry": {"type": "Polygon", "coordinates": [[[78.7755264075762, 30.15823858143], [78.7754661228297, 30.158265806591], [78.7754419099244, 30.158225319049], [78.7755021946515, 30.1581980938978], [78.7755264075762, 30.15823858143]]]}, "properties": {"confidence": 0.7307, "area_in_meters": 33.14, "full_plus_code": "8J2W5Q5G+75X7", "source": "Google Open Buildings v3"}}, {"type": "Feature", "geometry": {"type": "Polygon", "coordinates": [[[78.7761363841181, 30.1583085198451], [78.7761199672397, 30.1583364056081], [78.7760798325423, 30.1583185627348], [78.7760962494284, 30.1582906769771], [78.7761363841181, 30.1583085198451]]]}, "properties": {"confidence": 0.7679, "area_in_meters": 15.1, "full_plus_code": "8J2W5Q5G+8CHF", "source": "Google Open Buildings v3"}}, {"type": "Feature", "geometry": {"type": "Polygon", "coordinates": [[[78.7756163209976, 30.1582606056419], [78.7755596949972, 30.1582894809787], [78.7755346525711, 30.1582523956171], [78.7755906585664, 30.1582238364424], [78.7756163209976, 30.1582606056419]]]}, "properties": {"confidence": 0.7369, "area_in_meters": 30.02, "full_plus_code": "8J2W5Q5G+8647", "source": "Google Open Buildings v3"}}, {"type": "Feature", "geometry": {"type": "Polygon", "coordinates": [[[78.7755811280162, 30.1581872049457], [78.7755493808288, 30.1582250046976], [78.7755027641675, 30.1581954385123], [78.775534137205, 30.1581574014661], [78.7755811280162, 30.1581872049457]]]}, "properties": {"confidence": 0.8425, "area_in_meters": 28.99, "full_plus_code": "8J2W5Q5G+76FM", "source": "Google Open Buildings v3"}}, {"type": "Feature", "geometry": {"type": "Polygon", "coordinates": [[[78.7756072987406, 30.1581140679931], [78.7755832828139, 30.1581369397547], [78.7755230166648, 30.1580891525322], [78.7755470325931, 30.1580662807818], [78.7756072987406, 30.1581140679931]]]}, "properties": {"confidence": 0.7491, "area_in_meters": 27.01, "full_plus_code": "8J2W5Q5G+66W2", "source": "Google Open Buildings v3"}}, {"type": "Feature", "geometry": {"type": "Polygon", "coordinates": [[[78.7755298019007, 30.1581606315223], [78.775474778891, 30.1582073343833], [78.7754535127922, 30.1581884141432], [78.7755085358019, 30.1581417112922], [78.7755298019007, 30.1581606315223]]]}, "properties": {"confidence": 0.7028, "area_in_meters": 21.75, "full_plus_code": "8J2W5Q5G+759W", "source": "Google Open Buildings v3"}}, {"type": "Feature", "geometry": {"type": "Polygon", "coordinates": [[[78.7754715972515, 30.1580479208619], [78.775437061167, 30.158061631171], [78.7754177798203, 30.1580249534445], [78.7754523158938, 30.1580112431401], [78.7754715972515, 30.1580479208619]]]}, "properties": {"confidence": 0.6953, "area_in_meters": 16.37, "full_plus_code": "8J2W5Q5G+658C", "source": "Google Open Buildings v3"}}, {"type": "Feature", "geometry": {"type": "Polygon", "coordinates": [[[78.7754836566722, 30.1580847448191], [78.7754472159562, 30.1580997379526], [78.7754330956254, 30.158073821344], [78.7754695363335, 30.1580588282139], [78.7754836566722, 30.1580847448191]]]}, "properties": {"confidence": 0.718, "area_in_meters": 12.36, "full_plus_code": "8J2W5Q5G+65P4", "source": "Google Open Buildings v3"}}, {"type": "Feature", "geometry": {"type": "Polygon", "coordinates": [[[78.7756266978628, 30.1580451795857], [78.7755912495697, 30.1580881576465], [78.7755091831571, 30.1580355432093], [78.7755442064241, 30.1579934043826], [78.7756266978628, 30.1580451795857]]]}, "properties": {"confidence": 0.7374, "area_in_meters": 57.1, "full_plus_code": "8J2W5Q5G+668J", "source": "Google Open Buildings v3"}}, {"type": "Feature", "geometry": {"type": "Polygon", "coordinates": [[[78.7755843939303, 30.157968329294], [78.7755892525485, 30.1579931841004], [78.7755606509248, 30.1579974062368], [78.7755557923137, 30.1579725514296], [78.7755843939303, 30.157968329294]]]}, "properties": {"confidence": 0.6782, "area_in_meters": 7.82, "full_plus_code": "8J2W5Q5G+56W7", "source": "Google Open Buildings v3"}}, {"type": "Feature", "geometry": {"type": "Polygon", "coordinates": [[[78.7755665342894, 30.1579248143337], [78.7754759171701, 30.1579528766701], [78.7754538138258, 30.1578989771316], [78.7755444309004, 30.1578709148087], [78.7755665342894, 30.1579248143337]]]}, "properties": {"confidence": 0.8781, "area_in_meters": 58.85, "full_plus_code": "8J2W5Q5G+566F", "source": "Google Open Buildings v3"}}, {"type": "Feature", "geometry": {"type": "Polygon", "coordinates": [[[78.7752147709965, 30.1570590072648], [78.7751306470237, 30.1571228032047], [78.7750794093945, 30.1570717804731], [78.7751635333544, 30.157007984567], [78.7752147709965, 30.1570590072648]]]}, "properties": {"confidence": 0.8195, "area_in_meters": 80.83, "full_plus_code": "8J2W5Q4G+R3CP", "source": "Google Open Buildings v3"}}, {"type": "Feature", "geometry": {"type": "Polygon", "coordinates": [[[78.7755518643684, 30.1578238268796], [78.7755767776131, 30.1578148000136], [78.7755905914363, 30.157843590428], [78.7754873119047, 30.1578810118654], [78.7754466552872, 30.1577962761535], [78.7755252182413, 30.157767810323], [78.7755518643684, 30.1578238268796]]]}, "properties": {"confidence": 0.7957, "area_in_meters": 92.4, "full_plus_code": "8J2W5Q5G+46J3", "source": "Google Open Buildings v3"}}, {"type": "Feature", "geometry": {"type": "Polygon", "coordinates": [[[78.7753591935285, 30.157863771468], [78.7753936935358, 30.1579484714655], [78.775358993538, 30.157959571468], [78.7753231935307, 30.1578753714707], [78.7753591935285, 30.157863771468]]]}, "properties": {"confidence": 0.7121, "area_in_meters": 36.18, "full_plus_code": "8J2W5Q5G+549F", "source": "Google Open Buildings v3"}}, {"type": "Feature", "geometry": {"type": "Polygon", "coordinates": [[[78.7753613770859, 30.1579518859644], [78.7752958196063, 30.1579733165043], [78.7752736184037, 30.1579220296704], [78.7753391758526, 30.1579005991401], [78.7753613770859, 30.1579518859644]]]}, "properties": {"confidence": 0.6889, "area_in_meters": 41.03, "full_plus_code": "8J2W5Q5G+54GC", "source": "Google Open Buildings v3"}}, {"type": "Feature", "geometry": {"type": "Polygon", "coordinates": [[[78.7754443892764, 30.1579367340079], [78.7753891645583, 30.1579457380817], [78.7753709638963, 30.1578614390835], [78.7753955626878, 30.1578574283935], [78.7753886269589, 30.157826759642], [78.7754195563062, 30.1578217167845], [78.7754443892764, 30.1579367340079]]]}, "properties": {"confidence": 0.8057, "area_in_meters": 61.98, "full_plus_code": "8J2W5Q5G+553C", "source": "Google Open Buildings v3"}}, {"type": "Feature", "geometry": {"type": "Polygon", "coordinates": [[[78.7755424943841, 30.1583131794818], [78.7755131378041, 30.1583222223761], [78.7754974273449, 30.1582852715851], [78.7755273505509, 30.1582760541492], [78.7755424943841, 30.1583131794818]]]}, "properties": {"confidence": 0.7891, "area_in_meters": 13.24, "full_plus_code": "8J2W5Q5G+866W", "source": "Google Open Buildings v3"}}, {"type": "Feature", "geometry": {"type": "Polygon", "coordinates": [[[78.7755370545529, 30.1577657121569], [78.7754378359216, 30.1577990684094], [78.7754121564252, 30.1577391077932], [78.7755116872604, 30.1577069178544], [78.7755370545529, 30.1577657121569]]]}, "properties": {"confidence": 0.8329, "area_in_meters": 72.02, "full_plus_code": "8J2W5Q5G+4552", "source": "Google Open Buildings v3"}}, {"type": "Feature", "geometry": {"type": "Polygon", "coordinates": [[[78.7755964567973, 30.157800870093], [78.7755607424631, 30.1578081501447], [78.7755439455065, 30.1577459229337], [78.7755799449495, 30.1577385847641], [78.7755964567973, 30.157800870093]]]}, "properties": {"confidence": 0.7502, "area_in_meters": 25.17, "full_plus_code": "8J2W5Q5G+464R", "source": "Google Open Buildings v3"}}, {"type": "Feature", "geometry": {"type": "Polygon", "coordinates": [[[78.7755777149627, 30.1576772878691], [78.7755863543098, 30.1577356013179], [78.7755512772366, 30.1577392790576], [78.7755426738609, 30.1576812082788], [78.7755777149627, 30.1576772878691]]]}, "properties": {"confidence": 0.6625, "area_in_meters": 22.16, "full_plus_code": "8J2W5Q5G+36P6", "source": "Google Open Buildings v3"}}, {"type": "Feature", "geometry": {"type": "Polygon", "coordinates": [[[78.7755533957527, 30.1575520728203], [78.775517242994, 30.1575710313802], [78.7754673939334, 30.1574992458668], [78.7755035466739, 30.1574802873195], [78.7755533957527, 30.1575520728203]]]}, "properties": {"confidence": 0.7567, "area_in_meters": 37.85, "full_plus_code": "8J2W5Q5G+2663", "source": "Google Open Buildings v3"}}, {"type": "Feature", "geometry": {"type": "Polygon", "coordinates": [[[78.7755363097535, 30.1574812687848], [78.7755022486408, 30.1574614436609], [78.7755315147251, 30.1574234726873], [78.7755655758318, 30.1574432978034], [78.7755363097535, 30.1574812687848]]]}, "properties": {"confidence": 0.7679, "area_in_meters": 20.03, "full_plus_code": "8J2W5Q4G+X6M2", "source": "Google Open Buildings v3"}}, {"type": "Feature", "geometry": {"type": "Polygon", "coordinates": [[[78.7755161498639, 30.1575757783828], [78.775449554492, 30.1576134768352], [78.775389578971, 30.1575334679654], [78.7754561743078, 30.1574957695417], [78.7755161498639, 30.1575757783828]]]}, "properties": {"confidence": 0.8302, "area_in_meters": 81.13, "full_plus_code": "8J2W5Q5G+25G3", "source": "Google Open Buildings v3"}}, {"type": "Feature", "geometry": {"type": "Polygon", "coordinates": [[[78.7753044289252, 30.157560879083], [78.7752316553383, 30.1575820040484], [78.7752199634672, 30.1575515878091], [78.7752927370335, 30.1575304628494], [78.7753044289252, 30.157560879083]]]}, "properties": {"confidence": 0.7455, "area_in_meters": 26.3, "full_plus_code": "8J2W5Q5G+24C7", "source": "Google Open Buildings v3"}}, {"type": "Feature", "geometry": {"type": "Polygon", "coordinates": [[[78.7752556117087, 30.1576323752555], [78.7752340900826, 30.1575894106531], [78.7753149380929, 30.1575588278741], [78.7753364597501, 30.1576017924646], [78.7752556117087, 30.1576323752555]]]}, "properties": {"confidence": 0.7674, "area_in_meters": 44.17, "full_plus_code": "8J2W5Q5G+24MR", "source": "Google Open Buildings v3"}}, {"type": "Feature", "geometry": {"type": "Polygon", "coordinates": [[[78.7752860174401, 30.1575125537389], [78.7752481950367, 30.157521430376], [78.7752367741793, 30.157484681552], [78.7752745965691, 30.1574758049176], [78.7752860174401, 30.1575125537389]]]}, "properties": {"confidence": 0.6517, "area_in_meters": 15.94, "full_plus_code": "8J2W5Q4G+X4RV", "source": "Google Open Buildings v3"}}, {"type": "Feature", "geometry": {"type": "Polygon", "coordinates": [[[78.7754207543991, 30.1574472636014], [78.7753636940623, 30.1574806470832], [78.7753333039065, 30.1574414205317], [78.7753903642293, 30.1574080370622], [78.7754207543991, 30.1574472636014]]]}, "properties": {"confidence": 0.7319, "area_in_meters": 34.78, "full_plus_code": "8J2W5Q4G+X5CJ", "source": "Google Open Buildings v3"}}, {"type": "Feature", "geometry": {"type": "Polygon", "coordinates": [[[78.7753834782358, 30.1575370863375], [78.7753472198992, 30.1574902853803], [78.7754407657341, 30.1574355558432], [78.7754770240985, 30.157482356776], [78.7753834782358, 30.1575370863375]]]}, "properties": {"confidence": 0.7524, "area_in_meters": 68.02, "full_plus_code": "8J2W5Q4G+X5VC", "source": "Google Open Buildings v3"}}, {"type": "Feature", "geometry": {"type": "Polygon", "coordinates": [[[78.7754219058298, 30.1573127502861], [78.7754391716861, 30.1573465561709], [78.7754019042409, 30.1573609299357], [78.7753846383955, 30.1573271240465], [78.7754219058298, 30.1573127502861]]]}, "properties": {"confidence": 0.7178, "area_in_meters": 16.12, "full_plus_code": "8J2W5Q4G+W5MC", "source": "Google Open Buildings v3"}}, {"type": "Feature", "geometry": {"type": "Polygon", "coordinates": [[[78.7754062489778, 30.1574045660574], [78.7753299759661, 30.1574491819063], [78.7753055230057, 30.1574176131097], [78.7753817960025, 30.157372997274], [78.7754062489778, 30.1574045660574]]]}, "properties": {"confidence": 0.817, "area_in_meters": 37.41, "full_plus_code": "8J2W5Q4G+X49F", "source": "Google Open Buildings v3"}}, {"type": "Feature", "geometry": {"type": "Polygon", "coordinates": [[[78.7753641674689, 30.1573742231952], [78.7753071071584, 30.1574076066539], [78.7752695050433, 30.1573590710679], [78.7753265653362, 30.1573256876242], [78.7753641674689, 30.1573742231952]]]}, "properties": {"confidence": 0.7344, "area_in_meters": 43.03, "full_plus_code": "8J2W5Q4G+W4WJ", "source": "Google Open Buildings v3"}}, {"type": "Feature", "geometry": {"type": "Polygon", "coordinates": [[[78.7754889430697, 30.1573089595285], [78.7754703304352, 30.1573338035406], [78.7754319816778, 30.1573121073724], [78.7754505943173, 30.157287263366], [78.7754889430697, 30.1573089595285]]]}, "properties": {"confidence": 0.7604, "area_in_meters": 14.5, "full_plus_code": "8J2W5Q4G+W5GG", "source": "Google Open Buildings v3"}}, {"type": "Feature", "geometry": {"type": "Polygon", "coordinates": [[[78.7755160672722, 30.1572348817308], [78.7755112024632, 30.1572653449806], [78.775478647545, 30.1572614189589], [78.7754835123636, 30.1572309557108], [78.7755160672722, 30.1572348817308]]]}, "properties": {"confidence": 0.6703, "area_in_meters": 10.81, "full_plus_code": "8J2W5Q4G+V5XX", "source": "Google Open Buildings v3"}}, {"type": "Feature", "geometry": {"type": "Polygon", "coordinates": [[[78.7755305917265, 30.1574223153781], [78.7754914195814, 30.1574565167294], [78.7754258884856, 30.1573998371901], [78.7754650606283, 30.1573656358581], [78.7755305917265, 30.1574223153781]]]}, "properties": {"confidence": 0.7739, "area_in_meters": 47.7, "full_plus_code": "8J2W5Q4G+X59F", "source": "Google Open Buildings v3"}}, {"type": "Feature", "geometry": {"type": "Polygon", "coordinates": [[[78.7754370032931, 30.1573926769784], [78.7754536977043, 30.1574231168505], [78.7754191583277, 30.1574374218287], [78.7754024639252, 30.1574069819526], [78.7754370032931, 30.1573926769784]]]}, "properties": {"confidence": 0.6519, "area_in_meters": 13.79, "full_plus_code": "8J2W5Q4G+X57P", "source": "Google Open Buildings v3"}}, {"type": "Feature", "geometry": {"type": "Polygon", "coordinates": [[[78.7755371414474, 30.1571449188079], [78.7755334764932, 30.1572109682552], [78.775413425743, 30.1572059377022], [78.7754170907756, 30.1571398882622], [78.7755371414474, 30.1571449188079]]]}, "properties": {"confidence": 0.8447, "area_in_meters": 84.97, "full_plus_code": "8J2W5Q4G+V5H2", "source": "Google Open Buildings v3"}}, {"type": "Feature", "geometry": {"type": "Polygon", "coordinates": [[[78.7755774477361, 30.1571007959017], [78.7754997940693, 30.1571387012761], [78.7754626805671, 30.15708128423], [78.7755403341991, 30.1570433788749], [78.7755774477361, 30.1571007959017]]]}, "properties": {"confidence": 0.8586, "area_in_meters": 62.71, "full_plus_code": "8J2W5Q4G+R6JP", "source": "Google Open Buildings v3"}}, {"type": "Feature", "geometry": {"type": "Polygon", "coordinates": [[[78.7754046011442, 30.1571216502314], [78.7753877473826, 30.1571660142163], [78.775308923337, 30.1571434004679], [78.7753257771289, 30.1570990364938], [78.7754046011442, 30.1571216502314]]]}, "properties": {"confidence": 0.7973, "area_in_meters": 41.46, "full_plus_code": "8J2W5Q4G+V457", "source": "Google Open Buildings v3"}}, {"type": "Feature", "geometry": {"type": "Polygon", "coordinates": [[[78.7753730644934, 30.1571711669495], [78.77536928543, 30.1572023194988], [78.7753061641182, 30.1571965370157], [78.775309943201, 30.1571653844689], [78.7753730644934, 30.1571711669495]]]}, "properties": {"confidence": 0.6512, "area_in_meters": 21.26, "full_plus_code": "8J2W5Q4G+V4G9", "source": "Google Open Buildings v3"}}, {"type": "Feature", "geometry": {"type": "Polygon", "coordinates": [[[78.7752651027555, 30.1571994483192], [78.7752562800292, 30.1572293897053], [78.7752232847289, 30.1572220474475], [78.7752321074641, 30.1571921060638], [78.7752651027555, 30.1571994483192]]]}, "properties": {"confidence": 0.7685, "area_in_meters": 11.25, "full_plus_code": "8J2W5Q4G+V3QH", "source": "Google Open Buildings v3"}}, {"type": "Feature", "geometry": {"type": "Polygon", "coordinates": [[[78.7752147128551, 30.1571884306421], [78.7751861812219, 30.1571479395605], [78.7752757706577, 30.1571002666896], [78.7753043023167, 30.1571407577532], [78.7752147128551, 30.1571884306421]]]}, "properties": {"confidence": 0.831, "area_in_meters": 53.32, "full_plus_code": "8J2W5Q4G+V35Q", "source": "Google Open Buildings v3"}}, {"type": "Feature", "geometry": {"type": "Polygon", "coordinates": [[[78.7752079970119, 30.1571801885347], [78.7751855731134, 30.1572089109095], [78.7751602586858, 30.1571711121511], [78.775170453445, 30.1571580538676], [78.7752079970119, 30.1571801885347]]]}, "properties": {"confidence": 0.675, "area_in_meters": 12.24, "full_plus_code": "8J2W5Q4G+V3F9", "source": "Google Open Buildings v3"}}, {"type": "Feature", "geometry": {"type": "Polygon", "coordinates": [[[78.7751811893314, 30.1572016211121], [78.7751367269691, 30.1572227588161], [78.7751101730648, 30.1571805784992], [78.7751546354123, 30.1571594408035], [78.7751811893314, 30.1572016211121]]]}, "properties": {"confidence": 0.7723, "area_in_meters": 26.05, "full_plus_code": "8J2W5Q4G+V3CP", "source": "Google Open Buildings v3"}}, {"type": "Feature", "geometry": {"type": "Polygon", "coordinates": [[[78.775241755528, 30.157088732693], [78.7752518123461, 30.1571098251354], [78.7752228393291, 30.1571202573047], [78.7752127825163, 30.1570991648602], [78.775241755528, 30.157088732693]]]}, "properties": {"confidence": 0.6737, "area_in_meters": 7.65, "full_plus_code": "8J2W5Q4G+R3X3", "source": "Google Open Buildings v3"}}, {"type": "Feature", "geometry": {"type": "Polygon", "coordinates": [[[78.7748968486319, 30.1572976014032], [78.7748823443596, 30.1573237003177], [78.774845240246, 30.1573081284292], [78.7748597445258, 30.1572820295194], [78.7748968486319, 30.1572976014032]]]}, "properties": {"confidence": 0.6628, "area_in_meters": 12.77, "full_plus_code": "8J2W5Q4F+WWH5", "source": "Google Open Buildings v3"}}, {"type": "Feature", "geometry": {"type": "Polygon", "coordinates": [[[78.7749091609736, 30.1571046579766], [78.774925151198, 30.1571399890905], [78.7748865678079, 30.1571531760457], [78.7748705775957, 30.1571178449278], [78.7749091609736, 30.1571046579766]]]}, "properties": {"confidence": 0.7588, "area_in_meters": 16.83, "full_plus_code": "8J2W5Q4F+VX24", "source": "Google Open Buildings v3"}}, {"type": "Feature", "geometry": {"type": "Polygon", "coordinates": [[[78.7751224146594, 30.157121117723], [78.7750233867081, 30.1571914152916], [78.7749732647395, 30.1571380949375], [78.7750722926681, 30.1570677974056], [78.7751224146594, 30.157121117723]]]}, "properties": {"confidence": 0.8436, "area_in_meters": 94.12, "full_plus_code": "8J2W5Q4G+V234", "source": "Google Open Buildings v3"}}, {"type": "Feature", "geometry": {"type": "Polygon", "coordinates": [[[78.7750352255479, 30.1570868228203], [78.7749931402744, 30.1571219948933], [78.7749487469784, 30.1570818807756], [78.774990832249, 30.1570467087164], [78.7750352255479, 30.1570868228203]]]}, "properties": {"confidence": 0.7643, "area_in_meters": 34.74, "full_plus_code": "8J2W5Q4F+RXQ8", "source": "Google Open Buildings v3"}}, {"type": "Feature", "geometry": {"type": "Polygon", "coordinates": [[[78.7750128810356, 30.1572137950261], [78.7749295870043, 30.1572576572904], [78.7748994596554, 30.1572144526497], [78.7749827536607, 30.1571705904024], [78.7750128810356, 30.1572137950261]]]}, "properties": {"confidence": 0.6969, "area_in_meters": 52.6, "full_plus_code": "8J2W5Q4F+VXPG", "source": "Google Open Buildings v3"}}, {"type": "Feature", "geometry": {"type": "Polygon", "coordinates": [[[78.7750316931465, 30.1573274456447], [78.7749547921055, 30.1573659405854], [78.7749289300965, 30.1573269251506], [78.7750058311156, 30.1572884302245], [78.7750316931465, 30.1573274456447]]]}, "properties": {"confidence": 0.7641, "area_in_meters": 42.72, "full_plus_code": "8J2W5Q4F+WXQ3", "source": "Google Open Buildings v3"}}, {"type": "Feature", "geometry": {"type": "Polygon", "coordinates": [[[78.7750343571225, 30.157285297189], [78.775013998253, 30.1573109461345], [78.7749817194308, 30.1572915976196], [78.7750020783043, 30.1572659486793], [78.7750343571225, 30.157285297189]]]}, "properties": {"confidence": 0.6773, "area_in_meters": 13.06, "full_plus_code": "8J2W5Q4G+W26F", "source": "Google Open Buildings v3"}}, {"type": "Feature", "geometry": {"type": "Polygon", "coordinates": [[[78.7749966876035, 30.1572665774572], [78.7749512355923, 30.1572803938405], [78.7749419924254, 30.1572574309955], [78.774987444427, 30.1572436146146], [78.7749966876035, 30.1572665774572]]]}, "properties": {"confidence": 0.659, "area_in_meters": 12.52, "full_plus_code": "8J2W5Q4F+WX5C", "source": "Google Open Buildings v3"}}, {"type": "Feature", "geometry": {"type": "Polygon", "coordinates": [[[78.7751517636475, 30.1573351701615], [78.7750940107271, 30.1573520098324], [78.7751029426496, 30.1573751427663], [78.7750814499397, 30.1573814096302], [78.7750504469493, 30.1573011143753], [78.775071939641, 30.1572948475162], [78.775047954096, 30.157232726835], [78.7751057069531, 30.1572158871805], [78.7751517636475, 30.1573351701615]]]}, "properties": {"confidence": 0.7701, "area_in_meters": 102.47, "full_plus_code": "8J2W5Q4G+W29J", "source": "Google Open Buildings v3"}}, {"type": "Feature", "geometry": {"type": "Polygon", "coordinates": [[[78.7754378359221, 30.1577990684107], [78.7753415292774, 30.1578314455888], [78.7753228487771, 30.1577894844338], [78.775419775781, 30.1577568986973], [78.7754378359221, 30.1577990684107]]]}, "properties": {"confidence": 0.6795, "area_in_meters": 49.83, "full_plus_code": "8J2W5Q5G+456J", "source": "Google Open Buildings v3"}}, {"type": "Feature", "geometry": {"type": "Polygon", "coordinates": [[[78.7751776364355, 30.1572670284271], [78.7751798909743, 30.1572876562422], [78.7751433746015, 30.1572906701997], [78.7751411200703, 30.1572700423844], [78.7751776364355, 30.1572670284271]]]}, "properties": {"confidence": 0.673, "area_in_meters": 8.13, "full_plus_code": "8J2W5Q4G+W372", "source": "Google Open Buildings v3"}}, {"type": "Feature", "geometry": {"type": "Polygon", "coordinates": [[[78.7751895789569, 30.1572141846154], [78.775187194181, 30.1572520927264], [78.7751499906095, 30.1572503252743], [78.7751523753992, 30.1572124171647], [78.7751895789569, 30.1572141846154]]]}, "properties": {"confidence": 0.6608, "area_in_meters": 15.12, "full_plus_code": "8J2W5Q4G+V3V7", "source": "Google Open Buildings v3"}}, {"type": "Feature", "geometry": {"type": "Polygon", "coordinates": [[[78.7752565726449, 30.1572949988678], [78.7752495024289, 30.1573882366593], [78.7751803884838, 30.1573842788596], [78.775187458764, 30.1572910410751], [78.7752565726449, 30.1572949988678]]]}, "properties": {"confidence": 0.7911, "area_in_meters": 69.19, "full_plus_code": "8J2W5Q4G+W3PH", "source": "Google Open Buildings v3"}}, {"type": "Feature", "geometry": {"type": "Polygon", "coordinates": [[[78.7752499627023, 30.1575175083844], [78.7752028470366, 30.1575392105809], [78.7751794981071, 30.1575009305282], [78.7752266137585, 30.1574792283393], [78.7752499627023, 30.1575175083844]]]}, "properties": {"confidence": 0.7532, "area_in_meters": 24.7, "full_plus_code": "8J2W5Q5G+2349", "source": "Google Open Buildings v3"}}, {"type": "Feature", "geometry": {"type": "Polygon", "coordinates": [[[78.7752026179447, 30.1574224242596], [78.7752187874826, 30.1574475700535], [78.7752393090396, 30.1574376048291], [78.7752588922959, 30.1574680593824], [78.7751775667699, 30.157507550855], [78.7751418140061, 30.1574519504899], [78.7752026179447, 30.1574224242596]]]}, "properties": {"confidence": 0.7573, "area_in_meters": 56.2, "full_plus_code": "8J2W5Q4G+X3PF", "source": "Google Open Buildings v3"}}, {"type": "Feature", "geometry": {"type": "Polygon", "coordinates": [[[78.7752245004387, 30.1575940265597], [78.775199636746, 30.1575972852101], [78.7751961711758, 30.1575773166893], [78.7752210348634, 30.1575740580392], [78.7752245004387, 30.1575940265597]]]}, "properties": {"confidence": 0.693, "area_in_meters": 5.43, "full_plus_code": "8J2W5Q5G+23PG", "source": "Google Open Buildings v3"}}, {"type": "Feature", "geometry": {"type": "Polygon", "coordinates": [[[78.7752368527323, 30.157622284627], [78.7752117049251, 30.1576259968649], [78.7752065568897, 30.1575996609191], [78.77523170469, 30.1575959486816], [78.7752368527323, 30.157622284627]]]}, "properties": {"confidence": 0.7103, "area_in_meters": 7.28, "full_plus_code": "8J2W5Q5G+23XC", "source": "Google Open Buildings v3"}}, {"type": "Feature", "geometry": {"type": "Polygon", "coordinates": [[[78.7749645509187, 30.1575918129698], [78.7749710571757, 30.1576191502504], [78.7749320620675, 30.1576261588053], [78.7749255558212, 30.1575988215234], [78.7749645509187, 30.1575918129698]]]}, "properties": {"confidence": 0.7137, "area_in_meters": 11.88, "full_plus_code": "8J2W5Q5F+2XW7", "source": "Google Open Buildings v3"}}, {"type": "Feature", "geometry": {"type": "Polygon", "coordinates": [[[78.7748458140583, 30.1572551570395], [78.774832603777, 30.1572867481495], [78.7747857273363, 30.1572719452096], [78.7747989376303, 30.1572403541049], [78.7748458140583, 30.1572551570395]]]}, "properties": {"confidence": 0.6933, "area_in_meters": 17.92, "full_plus_code": "8J2W5Q4F+WW4C", "source": "Google Open Buildings v3"}}, {"type": "Feature", "geometry": {"type": "Polygon", "coordinates": [[[78.7748172336741, 30.1574161634445], [78.7747363482485, 30.1574724592435], [78.7746808486766, 30.1574122409052], [78.7747617340801, 30.1573559451393], [78.7748172336741, 30.1574161634445]]]}, "properties": {"confidence": 0.8804, "area_in_meters": 85.47, "full_plus_code": "8J2W5Q4F+XV9H", "source": "Google Open Buildings v3"}}, {"type": "Feature", "geometry": {"type": "Polygon", "coordinates": [[[78.7746731771689, 30.1574119673458], [78.7746280799793, 30.1574408856428], [78.7746055142801, 30.1574143108249], [78.7746506114631, 30.1573853925355], [78.7746731771689, 30.1574119673458]]]}, "properties": {"confidence": 0.6885, "area_in_meters": 19.79, "full_plus_code": "8J2W5Q4F+XV6F", "source": "Google Open Buildings v3"}}, {"type": "Feature", "geometry": {"type": "Polygon", "coordinates": [[[78.7747469564841, 30.1573426633112], [78.7746901233661, 30.157386050128], [78.7746046188283, 30.1573014680203], [78.7746614519303, 30.1572580812395], [78.7747469564841, 30.1573426633112]]]}, "properties": {"confidence": 0.877, "area_in_meters": 91.05, "full_plus_code": "8J2W5Q4F+WVFW", "source": "Google Open Buildings v3"}}, {"type": "Feature", "geometry": {"type": "Polygon", "coordinates": [[[78.7745600155908, 30.1574343005012], [78.7745135068166, 30.1573963970377], [78.7745891287958, 30.157326324314], [78.7746356375707, 30.1573642277498], [78.7745600155908, 30.1574343005012]]]}, "properties": {"confidence": 0.7865, "area_in_meters": 65.48, "full_plus_code": "8J2W5Q4F+XR47", "source": "Google Open Buildings v3"}}, {"type": "Feature", "geometry": {"type": "Polygon", "coordinates": [[[78.7752750583084, 30.1572562668983], [78.7752724493467, 30.157297739172], [78.7751845851834, 30.1572935649977], [78.7751871941814, 30.1572520927273], [78.7752750583084, 30.1572562668983]]]}, "properties": {"confidence": 0.8596, "area_in_meters": 39.07, "full_plus_code": "8J2W5Q4G+W35V", "source": "Google Open Buildings v3"}}, {"type": "Feature", "geometry": {"type": "Polygon", "coordinates": [[[78.7744625281435, 30.1572636998155], [78.7744498414271, 30.1572291802766], [78.7744905056939, 30.1572178941848], [78.7745031924235, 30.1572524137209], [78.7745471123979, 30.157240224013], [78.7745672448691, 30.1572950026771], [78.7744501528125, 30.1573275007861], [78.774430020402, 30.1572727221071], [78.7744625281435, 30.1572636998155]]]}, "properties": {"confidence": 0.8249, "area_in_meters": 92.1, "full_plus_code": "8J2W5Q4F+WQ95", "source": "Google Open Buildings v3"}}, {"type": "Feature", "geometry": {"type": "Polygon", "coordinates": [[[78.7745711996184, 30.157156990385], [78.77455669907, 30.1572295346445], [78.7744430840663, 30.1572123846095], [78.7744575846965, 30.1571398403681], [78.7745711996184, 30.157156990385]]]}, "properties": {"confidence": 0.7728, "area_in_meters": 90.77, "full_plus_code": "8J2W5Q4F+VRC6", "source": "Google Open Buildings v3"}}, {"type": "Feature", "geometry": {"type": "Polygon", "coordinates": [[[78.7743726817127, 30.1571207946384], [78.7743683524475, 30.1571468238356], [78.7743365410872, 30.1571428282248], [78.7743408703606, 30.1571167990291], [78.7743726817127, 30.1571207946384]]]}, "properties": {"confidence": 0.7207, "area_in_meters": 9.04, "full_plus_code": "8J2W5Q4F+VP57", "source": "Google Open Buildings v3"}}, {"type": "Feature", "geometry": {"type": "Polygon", "coordinates": [[[78.7746519921633, 30.1571989903941], [78.7746009752296, 30.1572053582126], [78.7745973503988, 30.1571834272019], [78.774648367321, 30.1571770593843], [78.7746519921633, 30.1571989903941]]]}, "properties": {"confidence": 0.6892, "area_in_meters": 12.21, "full_plus_code": "8J2W5Q4F+VRHQ", "source": "Google Open Buildings v3"}}, {"type": "Feature", "geometry": {"type": "Polygon", "coordinates": [[[78.7746313270008, 30.1571240878695], [78.7746390275933, 30.1571641806689], [78.7745931308693, 30.15717083778], [78.7745854302956, 30.157130744979], [78.7746313270008, 30.1571240878695]]]}, "properties": {"confidence": 0.6596, "area_in_meters": 20.22, "full_plus_code": "8J2W5Q4F+VR5W", "source": "Google Open Buildings v3"}}, {"type": "Feature", "geometry": {"type": "Polygon", "coordinates": [[[78.7748179976388, 30.1572275773034], [78.7747925016154, 30.1572507430582], [78.7747283821266, 30.1571974509898], [78.7747538781502, 30.1571742852466], [78.7748179976388, 30.1572275773034]]]}, "properties": {"confidence": 0.7373, "area_in_meters": 30.41, "full_plus_code": "8J2W5Q4F+VWJG", "source": "Google Open Buildings v3"}}, {"type": "Feature", "geometry": {"type": "Polygon", "coordinates": [[[78.7748497910133, 30.1572601615242], [78.774819287111, 30.1572342933704], [78.7748917020206, 30.1571698075246], [78.7749222059242, 30.1571956756618], [78.7748497910133, 30.1572601615242]]]}, "properties": {"confidence": 0.6755, "area_in_meters": 41.06, "full_plus_code": "8J2W5Q4F+VWQH", "source": "Google Open Buildings v3"}}, {"type": "Feature", "geometry": {"type": "Polygon", "coordinates": [[[78.7748170565113, 30.1572331458367], [78.774755405013, 30.157186326005], [78.7748170524458, 30.1571250238888], [78.7748787039404, 30.1571718436904], [78.7748170565113, 30.1572331458367]]]}, "properties": {"confidence": 0.8535, "area_in_meters": 71.26, "full_plus_code": "8J2W5Q4F+VWG2", "source": "Google Open Buildings v3"}}, {"type": "Feature", "geometry": {"type": "Polygon", "coordinates": [[[78.7746260646137, 30.157438664911], [78.774609005194, 30.1574589080256], [78.7745718318412, 30.157435250836], [78.7745888912638, 30.1574150077263], [78.7746260646137, 30.157438664911]]]}, "properties": {"confidence": 0.6782, "area_in_meters": 12.36, "full_plus_code": "8J2W5Q4F+XRHC", "source": "Google Open Buildings v3"}}, {"type": "Feature", "geometry": {"type": "Polygon", "coordinates": [[[78.7757564910111, 30.1570860089777], [78.7758123183228, 30.1570933524951], [78.7758078513601, 30.1571189975093], [78.7757520240345, 30.1571116539894], [78.7757564910111, 30.1570860089777]]]}, "properties": {"confidence": 0.6734, "area_in_meters": 15.66, "full_plus_code": "8J2W5Q4G+R8V2", "source": "Google Open Buildings v3"}}, {"type": "Feature", "geometry": {"type": "Polygon", "coordinates": [[[78.7759358641803, 30.1571358362097], [78.7759152134268, 30.1572543936863], [78.7758201598483, 30.157241890425], [78.7758408107113, 30.1571233329689], [78.7759358641803, 30.1571358362097]]]}, "properties": {"confidence": 0.8662, "area_in_meters": 123.24, "full_plus_code": "8J2W5Q4G+V9CC", "source": "Google Open Buildings v3"}}, {"type": "Feature", "geometry": {"type": "Polygon", "coordinates": [[[78.775822411884, 30.1571825953406], [78.7758241051884, 30.1572098714062], [78.7757923679366, 30.1572113592863], [78.775790674641, 30.1571840832208], [78.775822411884, 30.1571825953406]]]}, "properties": {"confidence": 0.6595, "area_in_meters": 9.28, "full_plus_code": "8J2W5Q4G+V8FX", "source": "Google Open Buildings v3"}}, {"type": "Feature", "geometry": {"type": "Polygon", "coordinates": [[[78.7756976613596, 30.157171216759], [78.7757168341094, 30.1572289562723], [78.7756864896867, 30.1572365654273], [78.7756673169528, 30.1571788259099], [78.7756976613596, 30.157171216759]]]}, "properties": {"confidence": 0.6664, "area_in_meters": 20.29, "full_plus_code": "8J2W5Q4G+V7P2", "source": "Google Open Buildings v3"}}, {"type": "Feature", "geometry": {"type": "Polygon", "coordinates": [[[78.7757970172379, 30.1571811965847], [78.7757913132246, 30.1572139434824], [78.7757354858474, 30.1572065999528], [78.7757411898785, 30.1571738530585], [78.7757970172379, 30.1571811965847]]]}, "properties": {"confidence": 0.7573, "area_in_meters": 19.99, "full_plus_code": "8J2W5Q4G+V8CP", "source": "Google Open Buildings v3"}}, {"type": "Feature", "geometry": {"type": "Polygon", "coordinates": [[[78.7758078513605, 30.1571189975103], [78.7757989879576, 30.1571698826174], [78.7757291026629, 30.157160689908], [78.7757379661002, 30.1571098048073], [78.7758078513605, 30.1571189975103]]]}, "properties": {"confidence": 0.8376, "area_in_meters": 38.89, "full_plus_code": "8J2W5Q4G+V82G", "source": "Google Open Buildings v3"}}, {"type": "Feature", "geometry": {"type": "Polygon", "coordinates": [[[78.7757048189239, 30.1571397895346], [78.775633442616, 30.1571702633084], [78.7755937361675, 30.157100031092], [78.7756651124338, 30.1570695573378], [78.7757048189239, 30.1571397895346]]]}, "properties": {"confidence": 0.8689, "area_in_meters": 66.53, "full_plus_code": "8J2W5Q4G+R7RQ", "source": "Google Open Buildings v3"}}, {"type": "Feature", "geometry": {"type": "Polygon", "coordinates": [[[78.7756773793918, 30.1572412691568], [78.7756023337808, 30.157275183266], [78.7755587720883, 30.15720238916], [78.7756338176558, 30.1571684750733], [78.7756773793918, 30.1572412691568]]]}, "properties": {"confidence": 0.8823, "area_in_meters": 74.2, "full_plus_code": "8J2W5Q4G+V6QX", "source": "Google Open Buildings v3"}}, {"type": "Feature", "geometry": {"type": "Polygon", "coordinates": [[[78.7756576599489, 30.1573032624805], [78.7756528934054, 30.1573380660871], [78.7756006665297, 30.1573326645217], [78.7756054330911, 30.1572978609176], [78.7756576599489, 30.1573032624805]]]}, "properties": {"confidence": 0.7553, "area_in_meters": 19.71, "full_plus_code": "8J2W5Q4G+W7CJ", "source": "Google Open Buildings v3"}}, {"type": "Feature", "geometry": {"type": "Polygon", "coordinates": [[[78.7756933368181, 30.1572616973261], [78.7756997647161, 30.1572952200266], [78.7756605993299, 30.1573008912619], [78.7756541714452, 30.1572673685601], [78.7756933368181, 30.1572616973261]]]}, "properties": {"confidence": 0.6999, "area_in_meters": 14.43, "full_plus_code": "8J2W5Q4G+W778", "source": "Google Open Buildings v3"}}, {"type": "Feature", "geometry": {"type": "Polygon", "coordinates": [[[78.7756502934633, 30.1573569714322], [78.7756854934626, 30.1573605714295], [78.7756761934696, 30.1574286714302], [78.7755887934714, 30.1574195714367], [78.7755980934644, 30.157351571436], [78.7756502934633, 30.1573569714322]]]}, "properties": {"confidence": 0.8239, "area_in_meters": 64.47, "full_plus_code": "8J2W5Q4G+X72M", "source": "Google Open Buildings v3"}}, {"type": "Feature", "geometry": {"type": "Polygon", "coordinates": [[[78.7757314346571, 30.1575268679533], [78.7757227983742, 30.1576155571525], [78.7756358956955, 30.1576091666564], [78.7756445320539, 30.1575204774667], [78.7757314346571, 30.1575268679533]]]}, "properties": {"confidence": 0.8548, "area_in_meters": 82.99, "full_plus_code": "8J2W5Q5G+27FQ", "source": "Google Open Buildings v3"}}, {"type": "Feature", "geometry": {"type": "Polygon", "coordinates": [[[78.7758385562026, 30.1572944752678], [78.7758485378438, 30.1572672465356], [78.7759354235394, 30.1572912994634], [78.7759075002683, 30.1573674709657], [78.7757868798202, 30.1573340790806], [78.7758048215218, 30.1572851363372], [78.7758385562026, 30.1572944752678]]]}, "properties": {"confidence": 0.8139, "area_in_meters": 97.38, "full_plus_code": "8J2W5Q4G+W8HP", "source": "Google Open Buildings v3"}}, {"type": "Feature", "geometry": {"type": "Polygon", "coordinates": [[[78.7761691592362, 30.1573258880742], [78.7761077312199, 30.1573320462876], [78.7760973792272, 30.1572540664494], [78.7761588071949, 30.1572479082373], [78.7761691592362, 30.1573258880742]]]}, "properties": {"confidence": 0.7302, "area_in_meters": 51.89, "full_plus_code": "8J2W5Q4G+WF6F", "source": "Google Open Buildings v3"}}, {"type": "Feature", "geometry": {"type": "Polygon", "coordinates": [[[78.7761060127691, 30.1573325770692], [78.776054196118, 30.1573351794276], [78.7760483330659, 30.1572470191023], [78.7761001496701, 30.157244416744], [78.7761060127691, 30.1573325770692]]]}, "properties": {"confidence": 0.8325, "area_in_meters": 49.0, "full_plus_code": "8J2W5Q4G+WC8F", "source": "Google Open Buildings v3"}}, {"type": "Feature", "geometry": {"type": "Polygon", "coordinates": [[[78.7761633749689, 30.1573760707736], [78.7761339387086, 30.1573770521059], [78.7761347833341, 30.1573961848392], [78.7760375148495, 30.1573994274825], [78.7760344533601, 30.1573300760493], [78.7761611580212, 30.1573258520722], [78.7761633749689, 30.1573760707736]]]}, "properties": {"confidence": 0.7519, "area_in_meters": 88.05, "full_plus_code": "8J2W5Q4G+WCXC", "source": "Google Open Buildings v3"}}, {"type": "Feature", "geometry": {"type": "Polygon", "coordinates": [[[78.7760674837599, 30.1576360363808], [78.7760359235129, 30.1576618589268], [78.7759496316004, 30.1575822146678], [78.775981191842, 30.1575563921424], [78.7760674837599, 30.1576360363808]]]}, "properties": {"confidence": 0.7475, "area_in_meters": 50.69, "full_plus_code": "8J2W5Q5G+2CR7", "source": "Google Open Buildings v3"}}, {"type": "Feature", "geometry": {"type": "Polygon", "coordinates": [[[78.7761029021095, 30.1575559671892], [78.7760829443399, 30.1575722726945], [78.7760968919503, 30.157585164708], [78.7760498174463, 30.1576236245647], [78.7759809479026, 30.157559967198], [78.7760479801671, 30.1575052018683], [78.7761029021095, 30.1575559671892]]]}, "properties": {"confidence": 0.8996, "area_in_meters": 80.76, "full_plus_code": "8J2W5Q5G+2CFF", "source": "Google Open Buildings v3"}}, {"type": "Feature", "geometry": {"type": "Polygon", "coordinates": [[[78.7761234596396, 30.1575770068605], [78.7761331329567, 30.1576035562613], [78.7761039013203, 30.1576115992341], [78.7760942280106, 30.1575850498319], [78.7761234596396, 30.1575770068605]]]}, "properties": {"confidence": 0.7188, "area_in_meters": 9.13, "full_plus_code": "8J2W5Q5G+2CQP", "source": "Google Open Buildings v3"}}, {"type": "Feature", "geometry": {"type": "Polygon", "coordinates": [[[78.7761796451678, 30.1574966953084], [78.7761048703358, 30.1575577864531], [78.7760479801664, 30.1575052018665], [78.7761227549893, 30.1574441107536], [78.7761796451678, 30.1574966953084]]]}, "properties": {"confidence": 0.7888, "area_in_meters": 79.19, "full_plus_code": "8J2W5Q5G+2C54", "source": "Google Open Buildings v3"}}, {"type": "Feature", "geometry": {"type": "Polygon", "coordinates": [[[78.7761284084495, 30.1574498998535], [78.7760481648965, 30.1575030396412], [78.7760293187869, 30.1574815486514], [78.7761095623316, 30.1574284088772], [78.7761284084495, 30.1574498998535]]]}, "properties": {"confidence": 0.6714, "area_in_meters": 29.14, "full_plus_code": "8J2W5Q4G+XCPP", "source": "Google Open Buildings v3"}}, {"type": "Feature", "geometry": {"type": "Polygon", "coordinates": [[[78.7762427043404, 30.1575521705636], [78.7761820119183, 30.1576061047271], [78.7761234834882, 30.1575563675712], [78.7761841759095, 30.1575024334332], [78.7762427043404, 30.1575521705636]]]}, "properties": {"confidence": 0.8541, "area_in_meters": 66.02, "full_plus_code": "8J2W5Q5G+2FF5", "source": "Google Open Buildings v3"}}, {"type": "Feature", "geometry": {"type": "Polygon", "coordinates": [[[78.7762430229674, 30.1576249348808], [78.7762007550079, 30.1575947088922], [78.7762675171122, 30.1575242064821], [78.7763097850652, 30.1575544324486], [78.7762430229674, 30.1576249348808]]]}, "properties": {"confidence": 0.8518, "area_in_meters": 53.43, "full_plus_code": "8J2W5Q5G+2GCR", "source": "Google Open Buildings v3"}}, {"type": "Feature", "geometry": {"type": "Polygon", "coordinates": [[[78.77629303523, 30.1574519728898], [78.776239529177, 30.1574699319729], [78.776216385207, 30.1574178603312], [78.7762698912348, 30.1573999012563], [78.77629303523, 30.1574519728898]]]}, "properties": {"confidence": 0.8808, "area_in_meters": 34.23, "full_plus_code": "8J2W5Q4G+XGC6", "source": "Google Open Buildings v3"}}, {"type": "Feature", "geometry": {"type": "Polygon", "coordinates": [[[78.7762627312986, 30.1573988530568], [78.7762103159438, 30.1574077293349], [78.776202855853, 30.1573744620723], [78.7762552711903, 30.1573655857964], [78.7762627312986, 30.1573988530568]]]}, "properties": {"confidence": 0.7128, "area_in_meters": 19.35, "full_plus_code": "8J2W5Q4G+XF5F", "source": "Google Open Buildings v3"}}, {"type": "Feature", "geometry": {"type": "Polygon", "coordinates": [[[78.7762099754787, 30.1574008790559], [78.7762142879133, 30.1574307236223], [78.7761823737, 30.1574342060765], [78.7761780612748, 30.1574043615096], [78.7762099754787, 30.1574008790559]]]}, "properties": {"confidence": 0.6558, "area_in_meters": 10.34, "full_plus_code": "8J2W5Q4G+XF8M", "source": "Google Open Buildings v3"}}, {"type": "Feature", "geometry": {"type": "Polygon", "coordinates": [[[78.7762476836928, 30.1572721937743], [78.7761909362473, 30.1572712317467], [78.7761923247884, 30.1572093790622], [78.7762490721984, 30.1572103410877], [78.7762476836928, 30.1572721937743]]]}, "properties": {"confidence": 0.8156, "area_in_meters": 37.54, "full_plus_code": "8J2W5Q4G+VFXJ", "source": "Google Open Buildings v3"}}, {"type": "Feature", "geometry": {"type": "Polygon", "coordinates": [[[78.7762958171263, 30.1572847285601], [78.7763034155969, 30.157341308341], [78.7762570084209, 30.1573460148045], [78.7762494099765, 30.1572894350225], [78.7762958171263, 30.1572847285601]]]}, "properties": {"confidence": 0.7535, "area_in_meters": 28.45, "full_plus_code": "8J2W5Q4G+WGCQ", "source": "Google Open Buildings v3"}}, {"type": "Feature", "geometry": {"type": "Polygon", "coordinates": [[[78.7762494099766, 30.1572894350227], [78.776257008421, 30.1573460148047], [78.7762168475212, 30.1573500877778], [78.7762092490999, 30.1572935079945], [78.7762494099766, 30.1572894350227]]]}, "properties": {"confidence": 0.6574, "area_in_meters": 24.62, "full_plus_code": "8J2W5Q4G+WFHM", "source": "Google Open Buildings v3"}}, {"type": "Feature", "geometry": {"type": "Polygon", "coordinates": [[[78.7763447183678, 30.1571072685612], [78.7763396493852, 30.1571889508892], [78.7762713691561, 30.1571857509832], [78.7762764381947, 30.1571040686607], [78.7763447183678, 30.1571072685612]]]}, "properties": {"confidence": 0.8194, "area_in_meters": 59.8, "full_plus_code": "8J2W5Q4G+VG3X", "source": "Google Open Buildings v3"}}, {"type": "Feature", "geometry": {"type": "Polygon", "coordinates": [[[78.7761232704165, 30.1571753749306], [78.7761207049184, 30.1572076197408], [78.7761085508318, 30.1572068894746], [78.7761111163341, 30.1571746446649], [78.7761232704165, 30.1571753749306]]]}, "properties": {"confidence": 0.6593, "area_in_meters": 4.21, "full_plus_code": "8J2W5Q4G+VCHP", "source": "Google Open Buildings v3"}}, {"type": "Feature", "geometry": {"type": "Polygon", "coordinates": [[[78.7760079874227, 30.157085411259], [78.776000873893, 30.1571345090889], [78.7759599319635, 30.1571300294899], [78.7759670455131, 30.1570809316634], [78.7760079874227, 30.157085411259]]]}, "properties": {"confidence": 0.6668, "area_in_meters": 21.83, "full_plus_code": "8J2W5Q4G+R9X7", "source": "Google Open Buildings v3"}}, {"type": "Feature", "geometry": {"type": "Polygon", "coordinates": [[[78.776405778965, 30.1571101300924], [78.7763963518632, 30.157262041119], [78.7763352911741, 30.1572591795797], [78.7763447183682, 30.1571072685621], [78.776405778965, 30.1571101300924]]]}, "properties": {"confidence": 0.8135, "area_in_meters": 99.45, "full_plus_code": "8J2W5Q4G+VGH9", "source": "Google Open Buildings v3"}}, {"type": "Feature", "geometry": {"type": "Polygon", "coordinates": [[[78.7764652756704, 30.1573660270843], [78.7764603526277, 30.1573883857676], [78.7764326926872, 30.1573837865515], [78.7764376157356, 30.1573614278696], [78.7764652756704, 30.1573660270843]]]}, "properties": {"confidence": 0.701, "area_in_meters": 6.85, "full_plus_code": "8J2W5Q4G+WHWV", "source": "Google Open Buildings v3"}}, {"type": "Feature", "geometry": {"type": "Polygon", "coordinates": [[[78.7763564563313, 30.1574535809072], [78.7763335709966, 30.1574067404104], [78.7764329153934, 30.1573700861712], [78.7764558007687, 30.157416926653], [78.7763564563313, 30.1574535809072]]]}, "properties": {"confidence": 0.7557, "area_in_meters": 58.72, "full_plus_code": "8J2W5Q4G+XH6G", "source": "Google Open Buildings v3"}}, {"type": "Feature", "geometry": {"type": "Polygon", "coordinates": [[[78.776415997064, 30.1575339551128], [78.7763167331138, 30.1575660944389], [78.7762919789779, 30.1575083584392], [78.7763912428758, 30.1574762191291], [78.776415997064, 30.1575339551128]]]}, "properties": {"confidence": 0.8026, "area_in_meters": 69.78, "full_plus_code": "8J2W5Q5G+2G5V", "source": "Google Open Buildings v3"}}, {"type": "Feature", "geometry": {"type": "Polygon", "coordinates": [[[78.7712906949108, 30.1692465720762], [78.7712288949185, 30.1693044720808], [78.7711852949163, 30.169269372084], [78.7712470949087, 30.1692114720794], [78.7712906949108, 30.1692465720762]]]}, "properties": {"confidence": 0.7573, "area_in_meters": 50.17, "full_plus_code": "8J2W5Q9C+PF58", "source": "Google Open Buildings v3"}}, {"type": "Feature", "geometry": {"type": "Polygon", "coordinates": [[[78.7731586280314, 30.1658128723833], [78.7730655399606, 30.1658356704756], [78.7730487944115, 30.1657840448323], [78.7731418824373, 30.1657612467492], [78.7731586280314, 30.1658128723833]]]}, "properties": {"confidence": 0.7932, "area_in_meters": 55.45, "full_plus_code": "8J2W5Q8F+869V", "source": "Google Open Buildings v3"}}, {"type": "Feature", "geometry": {"type": "Polygon", "coordinates": [[[78.7717731474068, 30.1662316136244], [78.7717067002939, 30.1662661126302], [78.7716631369453, 30.1662027610746], [78.7717295840281, 30.1661682620887], [78.7717731474068, 30.1662316136244]]]}, "properties": {"confidence": 0.7429, "area_in_meters": 61.06, "full_plus_code": "8J2W5Q8C+FMPQ", "source": "Google Open Buildings v3"}}, {"type": "Feature", "geometry": {"type": "Polygon", "coordinates": [[[78.7717750502221, 30.1661259556261], [78.7716677861319, 30.1661934212663], [78.771607031656, 30.1661204893836], [78.7717142957016, 30.1660530237902], [78.7717750502221, 30.1661259556261]]]}, "properties": {"confidence": 0.7845, "area_in_meters": 127.44, "full_plus_code": "8J2W5Q8C+CMWR", "source": "Google Open Buildings v3"}}, {"type": "Feature", "geometry": {"type": "Polygon", "coordinates": [[[78.7717528850689, 30.1655455611476], [78.7717910669502, 30.1656245582505], [78.7717364840518, 30.16564447756], [78.7716983022091, 30.1655654804428], [78.7717528850689, 30.1655455611476]]]}, "properties": {"confidence": 0.8067, "area_in_meters": 54.22, "full_plus_code": "8J2W5Q8C+6MQX", "source": "Google Open Buildings v3"}}, {"type": "Feature", "geometry": {"type": "Polygon", "coordinates": [[[78.7718230719606, 30.1656450197451], [78.7717918107677, 30.1656436207944], [78.7717936832567, 30.1656120276532], [78.7717719455101, 30.1656110548761], [78.7717756132703, 30.1655491715851], [78.771828612166, 30.1655515433083], [78.7718230719606, 30.1656450197451]]]}, "properties": {"confidence": 0.6657, "area_in_meters": 45.74, "full_plus_code": "8J2W5Q8C+6PMP", "source": "Google Open Buildings v3"}}, {"type": "Feature", "geometry": {"type": "Polygon", "coordinates": [[[78.7720614676807, 30.1659908598483], [78.7720464042031, 30.165959623138], [78.7721017570465, 30.1659394687952], [78.7721168205395, 30.1659707054999], [78.7720614676807, 30.1659908598483]]]}, "properties": {"confidence": 0.7425, "area_in_meters": 21.73, "full_plus_code": "8J2W5Q8C+9RPP", "source": "Google Open Buildings v3"}}, {"type": "Feature", "geometry": {"type": "Polygon", "coordinates": [[[78.7723167309237, 30.1657184388209], [78.772314486192, 30.1657399051776], [78.7722911418291, 30.1657380620338], [78.7722933865658, 30.1657165956778], [78.7723167309237, 30.1657184388209]]]}, "properties": {"confidence": 0.7111, "area_in_meters": 5.4, "full_plus_code": "8J2W5Q8C+7WV4", "source": "Google Open Buildings v3"}}, {"type": "Feature", "geometry": {"type": "Polygon", "coordinates": [[[78.7722946895135, 30.1657122414097], [78.7722601926261, 30.1657561696484], [78.7721340489051, 30.1656813745684], [78.7721685458142, 30.1656374463653], [78.7722946895135, 30.1657122414097]]]}, "properties": {"confidence": 0.8394, "area_in_meters": 86.82, "full_plus_code": "8J2W5Q8C+7VGX", "source": "Google Open Buildings v3"}}, {"type": "Feature", "geometry": {"type": "Polygon", "coordinates": [[[78.7722052712085, 30.1654803944363], [78.7721956203607, 30.1655015994096], [78.7721685044161, 30.1654922813527], [78.7721781552686, 30.1654710763818], [78.7722052712085, 30.1654803944363]]]}, "properties": {"confidence": 0.6745, "area_in_meters": 7.11, "full_plus_code": "8J2W5Q8C+5VVH", "source": "Google Open Buildings v3"}}, {"type": "Feature", "geometry": {"type": "Polygon", "coordinates": [[[78.7722174577356, 30.1654423989829], [78.7721588384799, 30.1654547767867], [78.7721473061354, 30.1654135396948], [78.7722059253676, 30.1654011618951], [78.7722174577356, 30.1654423989829]]]}, "properties": {"confidence": 0.6681, "area_in_meters": 27.37, "full_plus_code": "8J2W5Q8C+5VF5", "source": "Google Open Buildings v3"}}, {"type": "Feature", "geometry": {"type": "Polygon", "coordinates": [[[78.7722935820656, 30.1654833915536], [78.7722736365305, 30.1655118096385], [78.7722434827825, 30.1654958300709], [78.7722634283225, 30.1654674119906], [78.7722935820656, 30.1654833915536]]]}, "properties": {"confidence": 0.7339, "area_in_meters": 12.57, "full_plus_code": "8J2W5Q8C+5WRG", "source": "Google Open Buildings v3"}}, {"type": "Feature", "geometry": {"type": "Polygon", "coordinates": [[[78.7722895018086, 30.1655250399771], [78.772249524289, 30.1655403691119], [78.7722344785499, 30.1655107423381], [78.7722744560591, 30.1654954132071], [78.7722895018086, 30.1655250399771]]]}, "properties": {"confidence": 0.7739, "area_in_meters": 15.13, "full_plus_code": "8J2W5Q8C+6W2M", "source": "Google Open Buildings v3"}}, {"type": "Feature", "geometry": {"type": "Polygon", "coordinates": [[[78.7724852298701, 30.165614152745], [78.7724451752301, 30.165640916936], [78.7723972546583, 30.1655867676669], [78.7724373092864, 30.165560003491], [78.7724852298701, 30.165614152745]]]}, "properties": {"confidence": 0.7207, "area_in_meters": 36.9, "full_plus_code": "8J2W5Q8C+6XW2", "source": "Google Open Buildings v3"}}, {"type": "Feature", "geometry": {"type": "Polygon", "coordinates": [[[78.7724754785576, 30.1655352346161], [78.7724041106389, 30.1655835069222], [78.772293814216, 30.1654603838668], [78.7723651820894, 30.1654121116191], [78.7724754785576, 30.1655352346161]]]}, "properties": {"confidence": 0.7832, "area_in_meters": 150.85, "full_plus_code": "8J2W5Q8C+5XRV", "source": "Google Open Buildings v3"}}, {"type": "Feature", "geometry": {"type": "Polygon", "coordinates": [[[78.7727025759163, 30.1655328841056], [78.7726183148776, 30.1655448548813], [78.7726095392886, 30.1654982153477], [78.7726938002872, 30.1654862445746], [78.7727025759163, 30.1655328841056]]]}, "properties": {"confidence": 0.706, "area_in_meters": 43.13, "full_plus_code": "8J2W5Q8F+632Q", "source": "Google Open Buildings v3"}}, {"type": "Feature", "geometry": {"type": "Polygon", "coordinates": [[[78.7727159137268, 30.1655977684739], [78.7726334726631, 30.1656166438334], [78.7726145476523, 30.1655542334249], [78.7726969886664, 30.1655353580746], [78.7727159137268, 30.1655977684739]]]}, "properties": {"confidence": 0.7534, "area_in_meters": 58.82, "full_plus_code": "8J2W5Q8F+63M3", "source": "Google Open Buildings v3"}}, {"type": "Feature", "geometry": {"type": "Polygon", "coordinates": [[[78.7727350463972, 30.1657054535151], [78.7726816079793, 30.1657130453933], [78.7726727857949, 30.1656661584355], [78.7727262241872, 30.1656585665596], [78.7727350463972, 30.1657054535151]]]}, "properties": {"confidence": 0.8317, "area_in_meters": 27.5, "full_plus_code": "8J2W5Q8F+73GG", "source": "Google Open Buildings v3"}}, {"type": "Feature", "geometry": {"type": "Polygon", "coordinates": [[[78.7727262241867, 30.1656585665584], [78.7726419630407, 30.1656705373451], [78.7726321253927, 30.1656182534062], [78.772716386494, 30.1656062826238], [78.7727262241867, 30.1656585665584]]]}, "properties": {"confidence": 0.8214, "area_in_meters": 48.35, "full_plus_code": "8J2W5Q8F+733G", "source": "Google Open Buildings v3"}}, {"type": "Feature", "geometry": {"type": "Polygon", "coordinates": [[[78.7724688219947, 30.1658881224104], [78.772403345535, 30.1659045010691], [78.7723738671471, 30.1658155235092], [78.772439343551, 30.1657991448622], [78.7724688219947, 30.1658881224104]]]}, "properties": {"confidence": 0.6863, "area_in_meters": 67.44, "full_plus_code": "8J2W5Q8C+8XV3", "source": "Google Open Buildings v3"}}, {"type": "Feature", "geometry": {"type": "Polygon", "coordinates": [[[78.7724999438803, 30.1660068009411], [78.7724570648015, 30.1660169931189], [78.7724458768964, 30.1659814548922], [78.7724887559605, 30.1659712627175], [78.7724999438803, 30.1660068009411]]]}, "properties": {"confidence": 0.7434, "area_in_meters": 17.51, "full_plus_code": "8J2W5Q8C+9XXJ", "source": "Google Open Buildings v3"}}, {"type": "Feature", "geometry": {"type": "Polygon", "coordinates": [[[78.7726654389713, 30.1658241574285], [78.7727135525637, 30.16603582234], [78.7726878784754, 30.1660402287242], [78.7726818405987, 30.1660136664597], [78.77262083133, 30.1660241373173], [78.7725954075944, 30.1659122909294], [78.772624811898, 30.1659072443498], [78.7726081600628, 30.1658339880729], [78.7726654389713, 30.1658241574285]]]}, "properties": {"confidence": 0.7503, "area_in_meters": 161.86, "full_plus_code": "8J2W5Q8F+93CH", "source": "Google Open Buildings v3"}}, {"type": "Feature", "geometry": {"type": "Polygon", "coordinates": [[[78.7734280187674, 30.1660975476452], [78.7734244787425, 30.1661328441942], [78.7733905898267, 30.1661302779399], [78.7733941298632, 30.1660949813926], [78.7734280187674, 30.1660975476452]]]}, "properties": {"confidence": 0.7179, "area_in_meters": 12.88, "full_plus_code": "8J2W5Q8F+C9VC", "source": "Google Open Buildings v3"}}, {"type": "Feature", "geometry": {"type": "Polygon", "coordinates": [[[78.77336271922, 30.1661085936565], [78.7733185985589, 30.1661191305521], [78.7732927535713, 30.1660374208789], [78.773336874197, 30.166026883989], [78.77336271922, 30.1661085936565]]]}, "properties": {"confidence": 0.6924, "area_in_meters": 41.45, "full_plus_code": "8J2W5Q8F+C8GV", "source": "Google Open Buildings v3"}}, {"type": "Feature", "geometry": {"type": "Polygon", "coordinates": [[[78.7729844972579, 30.1658536643561], [78.772944456391, 30.1658600272623], [78.7729340264011, 30.1658104706175], [78.7729740672482, 30.1658041077134], [78.7729844972579, 30.1658536643561]]]}, "properties": {"confidence": 0.8086, "area_in_meters": 21.92, "full_plus_code": "8J2W5Q8F+85P8", "source": "Google Open Buildings v3"}}, {"type": "Feature", "geometry": {"type": "Polygon", "coordinates": [[[78.7729684051313, 30.1656483405428], [78.7729865334908, 30.1657515001893], [78.7729238781454, 30.1657598135518], [78.7729057498511, 30.1656566539], [78.7729684051313, 30.1656483405428]]]}, "properties": {"confidence": 0.796, "area_in_meters": 70.71, "full_plus_code": "8J2W5Q8F+75P3", "source": "Google Open Buildings v3"}}, {"type": "Feature", "geometry": {"type": "Polygon", "coordinates": [[[78.7727629949811, 30.1658539901975], [78.7727095564823, 30.1658615820834], [78.7727011071042, 30.1658166765801], [78.7727545455786, 30.1658090846967], [78.7727629949811, 30.1658539901975]]]}, "properties": {"confidence": 0.7756, "area_in_meters": 26.34, "full_plus_code": "8J2W5Q8F+83QF", "source": "Google Open Buildings v3"}}, {"type": "Feature", "geometry": {"type": "Polygon", "coordinates": [[[78.7727829047211, 30.1658050557676], [78.7727913541358, 30.1658499612674], [78.772762994981, 30.1658539901973], [78.7727545455785, 30.1658090846964], [78.7727829047211, 30.1658050557676]]]}, "properties": {"confidence": 0.6578, "area_in_meters": 13.98, "full_plus_code": "8J2W5Q8F+84J4", "source": "Google Open Buildings v3"}}, {"type": "Feature", "geometry": {"type": "Polygon", "coordinates": [[[78.7727569725507, 30.1658043422389], [78.7727023205198, 30.1658124752507], [78.772681825924, 30.1657084915815], [78.772736477898, 30.1657003585754], [78.7727569725507, 30.1658043422389]]]}, "properties": {"confidence": 0.809, "area_in_meters": 62.53, "full_plus_code": "8J2W5Q8F+8356", "source": "Google Open Buildings v3"}}, {"type": "Feature", "geometry": {"type": "Polygon", "coordinates": [[[78.7728697025608, 30.16560677068], [78.7728815805297, 30.1656737828417], [78.7728481156743, 30.1656782615048], [78.7728362377279, 30.1656112493412], [78.7728697025608, 30.16560677068]]]}, "properties": {"confidence": 0.657, "area_in_meters": 24.54, "full_plus_code": "8J2W5Q8F+745M", "source": "Google Open Buildings v3"}}, {"type": "Feature", "geometry": {"type": "Polygon", "coordinates": [[[78.7729197937192, 30.1655130473228], [78.7729272155581, 30.1655524607995], [78.7729420614387, 30.1655503500088], [78.7729495047103, 30.1655898772455], [78.7728878817754, 30.1655986387966], [78.7728730167078, 30.1655196980791], [78.7729197937192, 30.1655130473228]]]}, "properties": {"confidence": 0.7504, "area_in_meters": 46.97, "full_plus_code": "8J2W5Q8F+65F6", "source": "Google Open Buildings v3"}}, {"type": "Feature", "geometry": {"type": "Polygon", "coordinates": [[[78.7729472437371, 30.1656588197751], [78.7729004666574, 30.1656654705381], [78.7728878817762, 30.1655986387985], [78.7729346588247, 30.1655919880389], [78.7729472437371, 30.1656588197751]]]}, "properties": {"confidence": 0.7654, "area_in_meters": 34.31, "full_plus_code": "8J2W5Q8F+7533", "source": "Google Open Buildings v3"}}, {"type": "Feature", "geometry": {"type": "Polygon", "coordinates": [[[78.7730670357807, 30.1657034262855], [78.7730139215801, 30.165713991785], [78.7730012176185, 30.1656657713433], [78.7730543317939, 30.1656552058474], [78.7730670357807, 30.1657034262855]]]}, "properties": {"confidence": 0.8456, "area_in_meters": 28.81, "full_plus_code": "8J2W5Q8F+76F6", "source": "Google Open Buildings v3"}}, {"type": "Feature", "geometry": {"type": "Polygon", "coordinates": [[[78.773248294375, 30.1657296022751], [78.7732559514308, 30.165768938602], [78.7732079126079, 30.1657759990158], [78.7732002555712, 30.1657366626871], [78.773248294375, 30.1657296022751]]]}, "properties": {"confidence": 0.7945, "area_in_meters": 20.78, "full_plus_code": "8J2W5Q8F+8753", "source": "Google Open Buildings v3"}}, {"type": "Feature", "geometry": {"type": "Polygon", "coordinates": [[[78.7732577134198, 30.1657225078083], [78.77320510669, 30.1657345118911], [78.7731899140691, 30.1656842410442], [78.7732425207734, 30.1656722369661], [78.7732577134198, 30.1657225078083]]]}, "properties": {"confidence": 0.7409, "area_in_meters": 30.22, "full_plus_code": "8J2W5Q8F+77Q2", "source": "Google Open Buildings v3"}}, {"type": "Feature", "geometry": {"type": "Polygon", "coordinates": [[[78.7715551491679, 30.1687803419615], [78.771520342947, 30.1688181439596], [78.7714749757395, 30.168786606426], [78.7715097819648, 30.1687488044396], [78.7715551491679, 30.1687803419615]]]}, "properties": {"confidence": 0.6625, "area_in_meters": 30.07, "full_plus_code": "8J2W5Q9C+GJ67", "source": "Google Open Buildings v3"}}, {"type": "Feature", "geometry": {"type": "Polygon", "coordinates": [[[78.7731756728027, 30.1659735353758], [78.7731150726601, 30.1659883768746], [78.7731012944793, 30.1659458995975], [78.773161894598, 30.1659310581036], [78.7731756728027, 30.1659735353758]]]}, "properties": {"confidence": 0.7478, "area_in_meters": 29.7, "full_plus_code": "8J2W5Q8F+97J7", "source": "Google Open Buildings v3"}}, {"type": "Feature", "geometry": {"type": "Polygon", "coordinates": [[[78.7731618945973, 30.1659310581017], [78.7730858230542, 30.165949688676], [78.7730500685564, 30.1658394595544], [78.7731261400188, 30.1658208289963], [78.7731618945973, 30.1659310581017]]]}, "properties": {"confidence": 0.8244, "area_in_meters": 96.76, "full_plus_code": "8J2W5Q8F+965F", "source": "Google Open Buildings v3"}}, {"type": "Feature", "geometry": {"type": "Polygon", "coordinates": [[[78.773300048687, 30.1660696086813], [78.7732585154304, 30.1660768923525], [78.7732502799576, 30.1660414353314], [78.7732918131991, 30.166034151662], [78.773300048687, 30.1660696086813]]]}, "properties": {"confidence": 0.6862, "area_in_meters": 16.38, "full_plus_code": "8J2W5Q8F+C8C9", "source": "Google Open Buildings v3"}}, {"type": "Feature", "geometry": {"type": "Polygon", "coordinates": [[[78.7729805019781, 30.16700591572], [78.7729317081167, 30.1669733974405], [78.772981187767, 30.1669173412162], [78.7730299816194, 30.166949859477], [78.7729805019781, 30.16700591572]]]}, "properties": {"confidence": 0.7438, "area_in_meters": 46.44, "full_plus_code": "8J2W5Q8F+Q5QF", "source": "Google Open Buildings v3"}}, {"type": "Feature", "geometry": {"type": "Polygon", "coordinates": [[[78.7731053919993, 30.1671121720427], [78.7730646210407, 30.1672827705823], [78.772994453583, 30.1672701095333], [78.7730352246543, 30.1670995110211], [78.7731053919993, 30.1671121720427]]]}, "properties": {"confidence": 0.8357, "area_in_meters": 133.48, "full_plus_code": "8J2W5Q8F+V6FP", "source": "Google Open Buildings v3"}}, {"type": "Feature", "geometry": {"type": "Polygon", "coordinates": [[[78.7729159169779, 30.1672521525056], [78.7729419743417, 30.1673480665225], [78.7728907983171, 30.1673585636635], [78.7728647410001, 30.1672626496391], [78.7729159169779, 30.1672521525056]]]}, "properties": {"confidence": 0.7888, "area_in_meters": 55.39, "full_plus_code": "8J2W5Q8F+W5C9", "source": "Google Open Buildings v3"}}, {"type": "Feature", "geometry": {"type": "Polygon", "coordinates": [[[78.7729316974859, 30.1676022858912], [78.7728522155983, 30.1676408267099], [78.7728104204605, 30.1675757497383], [78.7728899023078, 30.1675372089413], [78.7729316974859, 30.1676022858912]]]}, "properties": {"confidence": 0.7624, "area_in_meters": 72.51, "full_plus_code": "8J2W5Q9F+24QH", "source": "Google Open Buildings v3"}}, {"type": "Feature", "geometry": {"type": "Polygon", "coordinates": [[[78.7730132221124, 30.1676396365693], [78.7729439251494, 30.16766075681], [78.772892339673, 30.167532966711], [78.7729616365537, 30.1675118464929], [78.7730132221124, 30.1676396365693]]]}, "properties": {"confidence": 0.6729, "area_in_meters": 106.31, "full_plus_code": "8J2W5Q9F+25PF", "source": "Google Open Buildings v3"}}, {"type": "Feature", "geometry": {"type": "Polygon", "coordinates": [[[78.7738014975513, 30.1683481372655], [78.7737032015362, 30.1683620536106], [78.7736816350298, 30.168247042626], [78.7737799309317, 30.1682331262914], [78.7738014975513, 30.1683481372655]]]}, "properties": {"confidence": 0.8701, "area_in_meters": 124.06, "full_plus_code": "8J2W5Q9F+8F9W", "source": "Google Open Buildings v3"}}, {"type": "Feature", "geometry": {"type": "Polygon", "coordinates": [[[78.7738126000437, 30.1684073448063], [78.7737143039702, 30.1684212611566], [78.7737032015371, 30.1683620536128], [78.7738014975522, 30.1683481372677], [78.7738126000437, 30.1684073448063]]]}, "properties": {"confidence": 0.8487, "area_in_meters": 63.86, "full_plus_code": "8J2W5Q9F+9G27", "source": "Google Open Buildings v3"}}, {"type": "Feature", "geometry": {"type": "Polygon", "coordinates": [[[78.7737378945528, 30.1684739722325], [78.7737297121396, 30.1685345271519], [78.7736703451611, 30.1685284706219], [78.7736785276104, 30.1684679157082], [78.7737378945528, 30.1684739722325]]]}, "properties": {"confidence": 0.7837, "area_in_meters": 38.96, "full_plus_code": "8J2W5Q9F+CF44", "source": "Google Open Buildings v3"}}, {"type": "Feature", "geometry": {"type": "Polygon", "coordinates": [[[78.7715823241413, 30.1688488337876], [78.7716474015907, 30.1689425791525], [78.7716148983705, 30.1689596144366], [78.7715498209424, 30.1688658690568], [78.7715823241413, 30.1688488337876]]]}, "properties": {"confidence": 0.7042, "area_in_meters": 44.42, "full_plus_code": "8J2W5Q9C+HJ92", "source": "Google Open Buildings v3"}}, {"type": "Feature", "geometry": {"type": "Polygon", "coordinates": [[[78.7716192844483, 30.1689574503841], [78.7715831106202, 30.1689818293515], [78.7714388059846, 30.1688201695007], [78.7714749797848, 30.1687957905706], [78.7716192844483, 30.1689574503841]]]}, "properties": {"confidence": 0.7539, "area_in_meters": 100.12, "full_plus_code": "8J2W5Q9C+HJ2H", "source": "Google Open Buildings v3"}}, {"type": "Feature", "geometry": {"type": "Polygon", "coordinates": [[[78.7760824653887, 30.1687161070407], [78.7760396824884, 30.1687830812417], [78.7759593128438, 30.1687443198881], [78.7760020957782, 30.1686773457148], [78.7760824653887, 30.1687161070407]]]}, "properties": {"confidence": 0.8741, "area_in_meters": 75.27, "full_plus_code": "8J2W5Q9G+FCR8", "source": "Google Open Buildings v3"}}, {"type": "Feature", "geometry": {"type": "Polygon", "coordinates": [[[78.7714469053004, 30.168772514337], [78.7714109907805, 30.1688022685006], [78.771385818034, 30.1687793283371], [78.771421620049, 30.1687496673859], [78.7714469053004, 30.168772514337]]]}, "properties": {"confidence": 0.7779, "area_in_meters": 16.79, "full_plus_code": "8J2W5Q9C+GH73", "source": "Google Open Buildings v3"}}, {"type": "Feature", "geometry": {"type": "Polygon", "coordinates": [[[78.7714437607694, 30.1689285142674], [78.7714492869755, 30.1689684811605], [78.7713941896321, 30.168948101562], [78.7713922251906, 30.1689338941775], [78.7714437607694, 30.1689285142674]]]}, "properties": {"confidence": 0.6599, "area_in_meters": 15.14, "full_plus_code": "8J2W5Q9C+HHFW", "source": "Google Open Buildings v3"}}, {"type": "Feature", "geometry": {"type": "Polygon", "coordinates": [[[78.7714663802361, 30.1689065023043], [78.7714401636991, 30.1689450482948], [78.7713917317055, 30.1689201785749], [78.7714179482536, 30.1688816325942], [78.7714663802361, 30.1689065023043]]]}, "properties": {"confidence": 0.7618, "area_in_meters": 26.93, "full_plus_code": "8J2W5Q9C+HH7G", "source": "Google Open Buildings v3"}}, {"type": "Feature", "geometry": {"type": "Polygon", "coordinates": [[[78.7716562812975, 30.1689862273228], [78.7716221200643, 30.1690158530549], [78.7715894387846, 30.1689874015519], [78.7716236000171, 30.1689577758283], [78.7716562812975, 30.1689862273228]]]}, "properties": {"confidence": 0.7607, "area_in_meters": 20.74, "full_plus_code": "8J2W5Q9C+HJXH", "source": "Google Open Buildings v3"}}, {"type": "Feature", "geometry": {"type": "Polygon", "coordinates": [[[78.7717950264522, 30.169354208523], [78.7717965212639, 30.1693966544913], [78.7717600532355, 30.1693976241033], [78.7717585584395, 30.1693551781354], [78.7717950264522, 30.169354208523]]]}, "properties": {"confidence": 0.6891, "area_in_meters": 16.56, "full_plus_code": "8J2W5Q9C+QP25", "source": "Google Open Buildings v3"}}, {"type": "Feature", "geometry": {"type": "Polygon", "coordinates": [[[78.7717641214417, 30.1694721889377], [78.7716836363197, 30.1694812929245], [78.771672142961, 30.1694045798103], [78.7717526280213, 30.1693954758275], [78.7717641214417, 30.1694721889377]]]}, "properties": {"confidence": 0.8378, "area_in_meters": 67.12, "full_plus_code": "8J2W5Q9C+QMGH", "source": "Google Open Buildings v3"}}, {"type": "Feature", "geometry": {"type": "Polygon", "coordinates": [[[78.7717526280207, 30.169395475826], [78.7716721429604, 30.1694045798088], [78.7716661800716, 30.1693647801119], [78.7717466650999, 30.1693556761309], [78.7717526280207, 30.169395475826]]]}, "properties": {"confidence": 0.7133, "area_in_meters": 34.82, "full_plus_code": "8J2W5Q9C+QM48", "source": "Google Open Buildings v3"}}, {"type": "Feature", "geometry": {"type": "Polygon", "coordinates": [[[78.7717466650991, 30.1693556761291], [78.7716661800709, 30.1693647801101], [78.7716507039156, 30.1692614833662], [78.7717311888607, 30.1692523793907], [78.7717466650991, 30.1693556761291]]]}, "properties": {"confidence": 0.8336, "area_in_meters": 90.38, "full_plus_code": "8J2W5Q9C+PMG7", "source": "Google Open Buildings v3"}}, {"type": "Feature", "geometry": {"type": "Polygon", "coordinates": [[[78.7717189566036, 30.1692301003717], [78.7716853621955, 30.1692268860272], [78.7716884966221, 30.1692021533186], [78.7717220910218, 30.169205367662], [78.7717189566036, 30.1692301003717]]]}, "properties": {"confidence": 0.6839, "area_in_meters": 8.99, "full_plus_code": "8J2W5Q9C+MMPP", "source": "Google Open Buildings v3"}}, {"type": "Feature", "geometry": {"type": "Polygon", "coordinates": [[[78.7713559933313, 30.1692992445678], [78.7712942225005, 30.169357115215], [78.7712288943921, 30.1693044693558], [78.7712906652238, 30.169246598739], [78.7713559933313, 30.1692992445678]]]}, "properties": {"confidence": 0.7137, "area_in_meters": 75.17, "full_plus_code": "8J2W5Q9C+PGF3", "source": "Google Open Buildings v3"}}, {"type": "Feature", "geometry": {"type": "Polygon", "coordinates": [[[78.7729836946129, 30.1670212718905], [78.7729233946341, 30.167216371895], [78.7728517946347, 30.1671996719003], [78.7729120946134, 30.1670045718958], [78.7729836946129, 30.1670212718905]]]}, "properties": {"confidence": 0.8503, "area_in_meters": 160.09, "full_plus_code": "8J2W5Q8F+R5VF", "source": "Google Open Buildings v3"}}, {"type": "Feature", "geometry": {"type": "Polygon", "coordinates": [[[78.7714091085637, 30.1693420483696], [78.7713403794493, 30.1694064379797], [78.7712872642161, 30.1693636341518], [78.7713559933318, 30.169299244569], [78.7714091085637, 30.1693420483696]]]}, "properties": {"confidence": 0.8059, "area_in_meters": 68.01, "full_plus_code": "8J2W5Q9C+PGX2", "source": "Google Open Buildings v3"}}, {"type": "Feature", "geometry": {"type": "Polygon", "coordinates": [[[78.7714474060566, 30.1694220496642], [78.7714376432299, 30.1694879690014], [78.7714006661422, 30.1694838344012], [78.7714104289927, 30.169417915068], [78.7714474060566, 30.1694220496642]]]}, "properties": {"confidence": 0.7423, "area_in_meters": 26.49, "full_plus_code": "8J2W5Q9C+QHM4", "source": "Google Open Buildings v3"}}, {"type": "Feature", "geometry": {"type": "Polygon", "coordinates": [[[78.7715902950225, 30.170342072083], [78.7715847950337, 30.1704531720834], [78.7715081950358, 30.1704502720891], [78.7715098950324, 30.170416372089], [78.7715136950246, 30.1703391720887], [78.7715902950225, 30.170342072083]]]}, "properties": {"confidence": 0.8126, "area_in_meters": 91.13, "full_plus_code": "8J2W5QCC+5J3W", "source": "Google Open Buildings v3"}}, {"type": "Feature", "geometry": {"type": "Polygon", "coordinates": [[[78.7748432320175, 30.1704348951301], [78.7748522411123, 30.1704796359977], [78.7748058826093, 30.1704738458046], [78.7748129522176, 30.1704311131713], [78.7748432320175, 30.1704348951301]]]}, "properties": {"confidence": 0.7171, "area_in_meters": 17.87, "full_plus_code": "8J2W5QCF+5WP8", "source": "Google Open Buildings v3"}}, {"type": "Feature", "geometry": {"type": "Polygon", "coordinates": [[[78.7764711201634, 30.1706235226285], [78.7764675898105, 30.1706546100123], [78.7764347817302, 30.1706517971898], [78.7764383120932, 30.1706207098073], [78.7764711201634, 30.1706235226285]]]}, "properties": {"confidence": 0.7015, "area_in_meters": 11.01, "full_plus_code": "8J2W5QCG+7H4F", "source": "Google Open Buildings v3"}}, {"type": "Feature", "geometry": {"type": "Polygon", "coordinates": [[[78.7767668338602, 30.170149927915], [78.7767307674064, 30.1702221322395], [78.7766657910036, 30.1701976287882], [78.7767018574934, 30.1701254244833], [78.7767668338602, 30.170149927915]]]}, "properties": {"confidence": 0.8605, "area_in_meters": 59.6, "full_plus_code": "8J2W5QCG+3M8X", "source": "Google Open Buildings v3"}}, {"type": "Feature", "geometry": {"type": "Polygon", "coordinates": [[[78.7768606302694, 30.1702580625482], [78.7768549802605, 30.1702877382241], [78.7768232426144, 30.1702831762398], [78.7768288926321, 30.1702535005658], [78.7768606302694, 30.1702580625482]]]}, "properties": {"confidence": 0.7717, "area_in_meters": 10.34, "full_plus_code": "8J2W5QCG+4P4X", "source": "Google Open Buildings v3"}}, {"type": "Feature", "geometry": {"type": "Polygon", "coordinates": [[[78.7769434817943, 30.1702301109084], [78.7769408354948, 30.1702517164668], [78.7769157758825, 30.1702493991855], [78.7769184221873, 30.1702277936279], [78.7769434817943, 30.1702301109084]]]}, "properties": {"confidence": 0.6777, "area_in_meters": 5.85, "full_plus_code": "8J2W5QCG+3QVG", "source": "Google Open Buildings v3"}}, {"type": "Feature", "geometry": {"type": "Polygon", "coordinates": [[[78.7770507681912, 30.17020561444], [78.7770385520169, 30.1702427383704], [78.7769988269736, 30.1702328692928], [78.7770110431609, 30.1701957453667], [78.7770507681912, 30.17020561444]]]}, "properties": {"confidence": 0.6852, "area_in_meters": 17.05, "full_plus_code": "8J2W5QCG+3RJQ", "source": "Google Open Buildings v3"}}, {"type": "Feature", "geometry": {"type": "Polygon", "coordinates": [[[78.7769802550233, 30.1702659036128], [78.7769630488007, 30.1702994244835], [78.7769224834051, 30.170283704348], [78.7769396896382, 30.170250183483], [78.7769802550233, 30.1702659036128]]]}, "properties": {"confidence": 0.7048, "area_in_meters": 17.43, "full_plus_code": "8J2W5QCG+4Q4V", "source": "Google Open Buildings v3"}}, {"type": "Feature", "geometry": {"type": "Polygon", "coordinates": [[[78.7769827455922, 30.1701705805631], [78.7769767742456, 30.1701952517317], [78.7769483803963, 30.1701900632765], [78.7769543517494, 30.1701653921095], [78.7769827455922, 30.1701705805631]]]}, "properties": {"confidence": 0.6991, "area_in_meters": 7.82, "full_plus_code": "8J2W5QCG+3QG9", "source": "Google Open Buildings v3"}}, {"type": "Feature", "geometry": {"type": "Polygon", "coordinates": [[[78.7768722038576, 30.1700306231759], [78.7768818845964, 30.1700671799554], [78.7768388704845, 30.1700757796546], [78.7768291897612, 30.1700392228727], [78.7768722038576, 30.1700306231759]]]}, "properties": {"confidence": 0.696, "area_in_meters": 17.7, "full_plus_code": "8J2W5QCG+2PH3", "source": "Google Open Buildings v3"}}, {"type": "Feature", "geometry": {"type": "Polygon", "coordinates": [[[78.7759987551359, 30.1699318012025], [78.7759530157296, 30.1699441868706], [78.7759431613892, 30.1699167122208], [78.7759889007837, 30.1699043265555], [78.7759987551359, 30.1699318012025]]]}, "properties": {"confidence": 0.6998, "area_in_meters": 14.74, "full_plus_code": "8J2W5Q9G+X99R", "source": "Google Open Buildings v3"}}, {"type": "Feature", "geometry": {"type": "Polygon", "coordinates": [[[78.7759889007832, 30.1699043265543], [78.7759431613888, 30.1699167122196], [78.7759203069089, 30.1698529921366], [78.7759660462757, 30.1698406064777], [78.7759889007832, 30.1699043265543]]]}, "properties": {"confidence": 0.8704, "area_in_meters": 34.18, "full_plus_code": "8J2W5Q9G+X944", "source": "Google Open Buildings v3"}}, {"type": "Feature", "geometry": {"type": "Polygon", "coordinates": [[[78.7758927805764, 30.1696113137935], [78.7758131560413, 30.1696408497858], [78.7757652964968, 30.169543440443], [78.7758449209641, 30.1695139044764], [78.7758927805764, 30.1696113137935]]]}, "properties": {"confidence": 0.8824, "area_in_meters": 98.02, "full_plus_code": "8J2W5Q9G+R8P4", "source": "Google Open Buildings v3"}}, {"type": "Feature", "geometry": {"type": "Polygon", "coordinates": [[[78.7759926313482, 30.1691157179439], [78.7759814621804, 30.1692250299185], [78.7759338456825, 30.1692213566582], [78.775945014902, 30.1691120446904], [78.7759926313482, 30.1691157179439]]]}, "properties": {"confidence": 0.7835, "area_in_meters": 56.08, "full_plus_code": "8J2W5Q9G+M98Q", "source": "Google Open Buildings v3"}}, {"type": "Feature", "geometry": {"type": "Polygon", "coordinates": [[[78.7763469735617, 30.1693589119881], [78.776272334348, 30.1693852444635], [78.776221196209, 30.1692758086942], [78.7762958353497, 30.1692494762437], [78.7763469735617, 30.1693589119881]]]}, "properties": {"confidence": 0.7563, "area_in_meters": 101.71, "full_plus_code": "8J2W5Q9G+PGFJ", "source": "Google Open Buildings v3"}}, {"type": "Feature", "geometry": {"type": "Polygon", "coordinates": [[[78.776523904951, 30.1699055884887], [78.7764689844565, 30.1699237291355], [78.7764814688107, 30.1699522643585], [78.7764369030337, 30.1699669847428], [78.7763655422772, 30.1698038765925], [78.7764650284159, 30.1697710156035], [78.776523904951, 30.1699055884887]]]}, "properties": {"confidence": 0.7627, "area_in_meters": 179.35, "full_plus_code": "8J2W5Q9G+WHWF", "source": "Google Open Buildings v3"}}, {"type": "Feature", "geometry": {"type": "Polygon", "coordinates": [[[78.7763869440307, 30.1697810941377], [78.7763564816102, 30.1697876482135], [78.7763457413629, 30.1697499602985], [78.7763762037721, 30.1697434062247], [78.7763869440307, 30.1697810941377]]]}, "properties": {"confidence": 0.7467, "area_in_meters": 13.02, "full_plus_code": "8J2W5Q9G+WG5P", "source": "Google Open Buildings v3"}}, {"type": "Feature", "geometry": {"type": "Polygon", "coordinates": [[[78.7763785147398, 30.1695307678683], [78.7763786514153, 30.1695763129725], [78.7763096666845, 30.169576469246], [78.7763095300409, 30.1695309241434], [78.7763785147398, 30.1695307678683]]]}, "properties": {"confidence": 0.6955, "area_in_meters": 33.59, "full_plus_code": "8J2W5Q9G+RGH2", "source": "Google Open Buildings v3"}}, {"type": "Feature", "geometry": {"type": "Polygon", "coordinates": [[[78.7770476568478, 30.1695667991875], [78.7770210670827, 30.1695954228763], [78.7769068028806, 30.169515285329], [78.7769333926542, 30.1694866616638], [78.7770476568478, 30.1695667991875]]]}, "properties": {"confidence": 0.6588, "area_in_meters": 57.74, "full_plus_code": "8J2W5Q9G+RQ9M", "source": "Google Open Buildings v3"}}, {"type": "Feature", "geometry": {"type": "Polygon", "coordinates": [[[78.777021067083, 30.169595422877], [78.7769787977491, 30.1696409254605], [78.7768284205732, 30.1695354605173], [78.7768706899247, 30.1694899579833], [78.777021067083, 30.169595422877]]]}, "properties": {"confidence": 0.7997, "area_in_meters": 120.8, "full_plus_code": "8J2W5Q9G+RQFP", "source": "Google Open Buildings v3"}}, {"type": "Feature", "geometry": {"type": "Polygon", "coordinates": [[[78.7770493131346, 30.1693984020939], [78.7770148598023, 30.1694384548457], [78.7769154502318, 30.1693738945664], [78.7769499035781, 30.1693338418411], [78.7770493131346, 30.1693984020939]]]}, "properties": {"confidence": 0.6888, "area_in_meters": 66.34, "full_plus_code": "8J2W5Q9G+QQ5F", "source": "Google Open Buildings v3"}}, {"type": "Feature", "geometry": {"type": "Polygon", "coordinates": [[[78.7770148598029, 30.169438454847], [78.7769750764687, 30.1694847037884], [78.7768966063866, 30.1694337423892], [78.7769363897331, 30.1693874934728], [78.7770148598029, 30.169438454847]]]}, "properties": {"confidence": 0.8317, "area_in_meters": 60.47, "full_plus_code": "8J2W5Q9G+QQGG", "source": "Google Open Buildings v3"}}, {"type": "Feature", "geometry": {"type": "Polygon", "coordinates": [[[78.7770926023278, 30.1693480773968], [78.7770515210769, 30.1693958353095], [78.776973051019, 30.1693448739574], [78.7770141322833, 30.1692971160698], [78.7770926023278, 30.1693480773968]]]}, "properties": {"confidence": 0.8705, "area_in_meters": 62.44, "full_plus_code": "8J2W5Q9G+PRMR", "source": "Google Open Buildings v3"}}, {"type": "Feature", "geometry": {"type": "Polygon", "coordinates": [[[78.7769363897328, 30.169387493472], [78.7768966063863, 30.1694337423885], [78.7768756668821, 30.1694201434769], [78.776915450232, 30.169373894567], [78.7769363897328, 30.169387493472]]]}, "properties": {"confidence": 0.6657, "area_in_meters": 16.14, "full_plus_code": "8J2W5Q9G+QQ65", "source": "Google Open Buildings v3"}}, {"type": "Feature", "geometry": {"type": "Polygon", "coordinates": [[[78.7763452891966, 30.1694784127656], [78.7763481986829, 30.1695141234983], [78.7763023079822, 30.1695169462842], [78.7762993985125, 30.1694812355516], [78.7763452891966, 30.1694784127656]]]}, "properties": {"confidence": 0.7168, "area_in_meters": 17.61, "full_plus_code": "8J2W5Q9G+QGWV", "source": "Google Open Buildings v3"}}, {"type": "Feature", "geometry": {"type": "Polygon", "coordinates": [[[78.7763625598638, 30.1693795895989], [78.776356518781, 30.1694123994971], [78.7763289797158, 30.1694085712724], [78.7763350208076, 30.1693757613757], [78.7763625598638, 30.1693795895989]]]}, "properties": {"confidence": 0.7197, "area_in_meters": 9.91, "full_plus_code": "8J2W5Q9G+QG5J", "source": "Google Open Buildings v3"}}, {"type": "Feature", "geometry": {"type": "Polygon", "coordinates": [[[78.7763813975815, 30.1693467672845], [78.7763469735616, 30.1693589119879], [78.7763091455841, 30.1692779601609], [78.7763435695791, 30.1692658154665], [78.7763813975815, 30.1693467672845]]]}, "properties": {"confidence": 0.7247, "area_in_meters": 34.7, "full_plus_code": "8J2W5Q9G+PGHC", "source": "Google Open Buildings v3"}}, {"type": "Feature", "geometry": {"type": "Polygon", "coordinates": [[[78.7765015542883, 30.1692658498528], [78.7764400772701, 30.1693010405999], [78.7763925259753, 30.1692383234786], [78.7764540029687, 30.1692031327527], [78.7765015542883, 30.1692658498528]]]}, "properties": {"confidence": 0.6815, "area_in_meters": 59.1, "full_plus_code": "8J2W5Q9G+PH43", "source": "Google Open Buildings v3"}}, {"type": "Feature", "geometry": {"type": "Polygon", "coordinates": [[[78.7768014629737, 30.1689803325798], [78.7767593861161, 30.1690030255575], [78.7767415861797, 30.1689781076209], [78.7767836630296, 30.1689554146488], [78.7768014629737, 30.1689803325798]]]}, "properties": {"confidence": 0.696, "area_in_meters": 15.53, "full_plus_code": "8J2W5Q9G+HPR4", "source": "Google Open Buildings v3"}}, {"type": "Feature", "geometry": {"type": "Polygon", "coordinates": [[[78.7770422843644, 30.1688417492588], [78.7770402894273, 30.1689044450234], [78.7769883894806, 30.1689031982016], [78.7769903844505, 30.1688405024395], [78.7770422843644, 30.1688417492588]]]}, "properties": {"confidence": 0.8802, "area_in_meters": 34.81, "full_plus_code": "8J2W5Q9G+GRRV", "source": "Google Open Buildings v3"}}, {"type": "Feature", "geometry": {"type": "Polygon", "coordinates": [[[78.7768030093371, 30.1689266596736], [78.7767384118194, 30.1689798860723], [78.7766445578681, 30.168893888962], [78.7767091553755, 30.1688406626075], [78.7768030093371, 30.1689266596736]]]}, "properties": {"confidence": 0.8655, "area_in_meters": 112.78, "full_plus_code": "8J2W5Q9G+HM9C", "source": "Google Open Buildings v3"}}, {"type": "Feature", "geometry": {"type": "Polygon", "coordinates": [[[78.7770417865989, 30.1686830796624], [78.7769893335956, 30.1687172025694], [78.7769063287214, 30.1686208700901], [78.7769587816987, 30.1685867472145], [78.7770417865989, 30.1686830796624]]]}, "properties": {"confidence": 0.8697, "area_in_meters": 84.29, "full_plus_code": "8J2W5Q9G+FQ92", "source": "Google Open Buildings v3"}}, {"type": "Feature", "geometry": {"type": "Polygon", "coordinates": [[[78.7769146125051, 30.1686145744971], [78.7768661104656, 30.168663743016], [78.7768214043497, 30.1686304475701], [78.7768699063924, 30.1685812790685], [78.7769146125051, 30.1686145744971]]]}, "properties": {"confidence": 0.8296, "area_in_meters": 40.76, "full_plus_code": "8J2W5Q9G+CPXX", "source": "Google Open Buildings v3"}}, {"type": "Feature", "geometry": {"type": "Polygon", "coordinates": [[[78.7769848347611, 30.168554189352], [78.7769130428266, 30.168607346008], [78.7768790589537, 30.1685726933583], [78.776950850878, 30.168519536719], [78.7769848347611, 30.168554189352]]]}, "properties": {"confidence": 0.8256, "area_in_meters": 45.9, "full_plus_code": "8J2W5Q9G+CQFH", "source": "Google Open Buildings v3"}}, {"type": "Feature", "geometry": {"type": "Polygon", "coordinates": [[[78.7764023892175, 30.1686242095438], [78.7763662578393, 30.1686724950452], [78.7762900070479, 30.1686294168793], [78.7763261384456, 30.1685811313985], [78.7764023892175, 30.1686242095438]]]}, "properties": {"confidence": 0.7761, "area_in_meters": 56.0, "full_plus_code": "8J2W5Q9G+FG52", "source": "Google Open Buildings v3"}}, {"type": "Feature", "geometry": {"type": "Polygon", "coordinates": [[[78.7769844450197, 30.1677811738442], [78.7769417944581, 30.1677777139202], [78.7769353809099, 30.167837404759], [78.7768968022884, 30.1678342751477], [78.7769107742065, 30.1677042389512], [78.7769920033121, 30.1677108284755], [78.7769844450197, 30.1677811738442]]]}, "properties": {"confidence": 0.7839, "area_in_meters": 86.44, "full_plus_code": "8J2W5Q9G+4Q4C", "source": "Google Open Buildings v3"}}, {"type": "Feature", "geometry": {"type": "Polygon", "coordinates": [[[78.7759971925509, 30.1690710776235], [78.7759926313474, 30.1691157179418], [78.7759450149012, 30.1691120446884], [78.7759495761259, 30.1690674043726], [78.7759971925509, 30.1690710776235]]]}, "properties": {"confidence": 0.7186, "area_in_meters": 22.9, "full_plus_code": "8J2W5Q9G+J9QJ", "source": "Google Open Buildings v3"}}, {"type": "Feature", "geometry": {"type": "Polygon", "coordinates": [[[78.7759977140483, 30.1690690730427], [78.7759505853102, 30.1690580952252], [78.7759602723987, 30.1690266970925], [78.7760074011234, 30.1690376749051], [78.7759977140483, 30.1690690730427]]]}, "properties": {"confidence": 0.6508, "area_in_meters": 16.95, "full_plus_code": "8J2W5Q9G+J99V", "source": "Google Open Buildings v3"}}, {"type": "Feature", "geometry": {"type": "Polygon", "coordinates": [[[78.7760030858157, 30.1689944187578], [78.7760057318094, 30.1690251942339], [78.7759601560005, 30.1690281526453], [78.7759575100211, 30.168997377169], [78.7760030858157, 30.1689944187578]]]}, "properties": {"confidence": 0.7275, "area_in_meters": 15.08, "full_plus_code": "8J2W5Q9G+J95F", "source": "Google Open Buildings v3"}}, {"type": "Feature", "geometry": {"type": "Polygon", "coordinates": [[[78.776019847851, 30.1688341932738], [78.7760088433639, 30.1689803497478], [78.7759596610155, 30.1689775539547], [78.7759706655737, 30.1688313974883], [78.776019847851, 30.1688341932738]]]}, "properties": {"confidence": 0.8206, "area_in_meters": 77.17, "full_plus_code": "8J2W5Q9G+H998", "source": "Google Open Buildings v3"}}, {"type": "Feature", "geometry": {"type": "Polygon", "coordinates": [[[78.7714617769112, 30.1693146607647], [78.7714171384989, 30.1693477636682], [78.7713664803708, 30.1692961896789], [78.7714111187745, 30.1692630867922], [78.7714617769112, 30.1693146607647]]]}, "properties": {"confidence": 0.6968, "area_in_meters": 42.53, "full_plus_code": "8J2W5Q9C+PHF7", "source": "Google Open Buildings v3"}}, {"type": "Feature", "geometry": {"type": "Polygon", "coordinates": [[[78.7758113872696, 30.1688639853024], [78.7758306876231, 30.1689524687034], [78.775785183196, 30.1689599624473], [78.7757658828825, 30.1688714790418], [78.7758113872696, 30.1688639853024]]]}, "properties": {"confidence": 0.8094, "area_in_meters": 44.59, "full_plus_code": "8J2W5Q9G+H87G", "source": "Google Open Buildings v3"}}, {"type": "Feature", "geometry": {"type": "Polygon", "coordinates": [[[78.7760031050373, 30.1686779125666], [78.7759592296192, 30.1687436923435], [78.7758987303902, 30.1687132258023], [78.7759426058322, 30.1686474460468], [78.7760031050373, 30.1686779125666]]]}, "properties": {"confidence": 0.8654, "area_in_meters": 56.83, "full_plus_code": "8J2W5Q9G+F9GV", "source": "Google Open Buildings v3"}}, {"type": "Feature", "geometry": {"type": "Polygon", "coordinates": [[[78.7751147891436, 30.1684390172219], [78.7751142323555, 30.1684637961851], [78.7750882872483, 30.1684633560243], [78.7750888440429, 30.1684385770616], [78.7751147891436, 30.1684390172219]]]}, "properties": {"confidence": 0.7003, "area_in_meters": 6.87, "full_plus_code": "8J2W5Q9G+92Q2", "source": "Google Open Buildings v3"}}, {"type": "Feature", "geometry": {"type": "Polygon", "coordinates": [[[78.7749716108644, 30.1692679027889], [78.7749447898531, 30.169313884722], [78.774900994416, 30.1692945981093], [78.7749278154412, 30.1692486161858], [78.7749716108644, 30.1692679027889]]]}, "properties": {"confidence": 0.8136, "area_in_meters": 27.06, "full_plus_code": "8J2W5Q9F+PX79", "source": "Google Open Buildings v3"}}, {"type": "Feature", "geometry": {"type": "Polygon", "coordinates": [[[78.775061894663, 30.1680703717596], [78.7751067946844, 30.1682990717563], [78.7750440946872, 30.1683083717609], [78.7749991946659, 30.1680796717643], [78.775061894663, 30.1680703717596]]]}, "properties": {"confidence": 0.8451, "area_in_meters": 157.75, "full_plus_code": "8J2W5Q9G+72FG", "source": "Google Open Buildings v3"}}, {"type": "Feature", "geometry": {"type": "Polygon", "coordinates": [[[78.7749461188688, 30.1678096440745], [78.7749539719509, 30.1678496118335], [78.775016643349, 30.1678403146299], [78.7750617895563, 30.1680700820736], [78.7749550831852, 30.1680859117636], [78.7749020841607, 30.1678161765361], [78.7749461188688, 30.1678096440745]]]}, "properties": {"confidence": 0.9069, "area_in_meters": 289.09, "full_plus_code": "8J2W5Q9F+5XQ3", "source": "Google Open Buildings v3"}}, {"type": "Feature", "geometry": {"type": "Polygon", "coordinates": [[[78.7762986437142, 30.1683571124965], [78.7762860372348, 30.1684043383839], [78.7761976975032, 30.1683865343842], [78.7762103040211, 30.1683393085071], [78.7762986437142, 30.1683571124965]]]}, "properties": {"confidence": 0.8677, "area_in_meters": 47.0, "full_plus_code": "8J2W5Q9G+8FXX", "source": "Google Open Buildings v3"}}, {"type": "Feature", "geometry": {"type": "Polygon", "coordinates": [[[78.7768477945933, 30.1679650716164], [78.7767373945997, 30.1679953716246], [78.7767030945914, 30.1679010716272], [78.776813494585, 30.167870771619], [78.7768477945933, 30.1679650716164]]]}, "properties": {"confidence": 0.7306, "area_in_meters": 122.4, "full_plus_code": "8J2W5Q9G+5PC9", "source": "Google Open Buildings v3"}}, {"type": "Feature", "geometry": {"type": "Polygon", "coordinates": [[[78.7768969310611, 30.1677624898234], [78.7769053733615, 30.1678346844124], [78.7768615684584, 30.1678385519104], [78.77685312619, 30.1677663573202], [78.7768969310611, 30.1677624898234]]]}, "properties": {"confidence": 0.8025, "area_in_meters": 34.15, "full_plus_code": "8J2W5Q9G+4QC2", "source": "Google Open Buildings v3"}}, {"type": "Feature", "geometry": {"type": "Polygon", "coordinates": [[[78.7788504432165, 30.1689359255283], [78.7788087837543, 30.168949041385], [78.7787937660422, 30.1689130280668], [78.7788354254908, 30.1688999122144], [78.7788504432165, 30.1689359255283]]]}, "properties": {"confidence": 0.7456, "area_in_meters": 18.14, "full_plus_code": "8J2W5Q9H+HG8V", "source": "Google Open Buildings v3"}}, {"type": "Feature", "geometry": {"type": "Polygon", "coordinates": [[[78.7772365027126, 30.168203358531], [78.7772386540591, 30.168229947516], [78.777198044302, 30.1682324282847], [78.7771958929664, 30.1682058392995], [78.7772365027126, 30.168203358531]]]}, "properties": {"confidence": 0.6632, "area_in_meters": 11.6, "full_plus_code": "8J2W5Q9G+7VPQ", "source": "Google Open Buildings v3"}}, {"type": "Feature", "geometry": {"type": "Polygon", "coordinates": [[[78.7774278787301, 30.1683472820109], [78.7773574746429, 30.1683503084926], [78.7773534913726, 30.1682803485041], [78.7774238954097, 30.168277322022], [78.7774278787301, 30.1683472820109]]]}, "properties": {"confidence": 0.8262, "area_in_meters": 52.78, "full_plus_code": "8J2W5Q9G+8XCG", "source": "Google Open Buildings v3"}}, {"type": "Feature", "geometry": {"type": "Polygon", "coordinates": [[[78.7774213552584, 30.1682327087395], [78.7774238954091, 30.1682773220205], [78.777353491372, 30.1682803485026], [78.7773509512532, 30.1682357352218], [78.7774213552584, 30.1682327087395]]]}, "properties": {"confidence": 0.6738, "area_in_meters": 33.66, "full_plus_code": "8J2W5Q9G+8X27", "source": "Google Open Buildings v3"}}, {"type": "Feature", "geometry": {"type": "Polygon", "coordinates": [[[78.7773230452315, 30.1682497841562], [78.7773068748651, 30.1682799931431], [78.7772594034207, 30.1682608080256], [78.7772755737976, 30.168230599045], [78.7773230452315, 30.1682497841562]]]}, "properties": {"confidence": 0.6745, "area_in_meters": 18.65, "full_plus_code": "8J2W5Q9G+8W37", "source": "Google Open Buildings v3"}}, {"type": "Feature", "geometry": {"type": "Polygon", "coordinates": [[[78.7773670558371, 30.1681124557359], [78.777359546076, 30.1682027414424], [78.7772803677382, 30.1681977690574], [78.7772878775704, 30.1681074833589], [78.7773670558371, 30.1681124557359]]]}, "properties": {"confidence": 0.8902, "area_in_meters": 76.82, "full_plus_code": "8J2W5Q9G+7W87", "source": "Google Open Buildings v3"}}, {"type": "Feature", "geometry": {"type": "Polygon", "coordinates": [[[78.7774231035084, 30.1681159754875], [78.7774155937976, 30.1682062611998], [78.777359546076, 30.1682027414424], [78.7773670558371, 30.1681124557358], [78.7774231035084, 30.1681159754875]]]}, "properties": {"confidence": 0.7046, "area_in_meters": 54.38, "full_plus_code": "8J2W5Q9G+7X68", "source": "Google Open Buildings v3"}}, {"type": "Feature", "geometry": {"type": "Polygon", "coordinates": [[[78.7774295752917, 30.1680381680889], [78.7774231035075, 30.1681159754852], [78.7773670558362, 30.1681124557336], [78.7773735276637, 30.168034648342], [78.7774295752917, 30.1680381680889]]]}, "properties": {"confidence": 0.7607, "area_in_meters": 46.86, "full_plus_code": "8J2W5Q9G+6XJ4", "source": "Google Open Buildings v3"}}, {"type": "Feature", "geometry": {"type": "Polygon", "coordinates": [[[78.7773718080343, 30.1680553225634], [78.7773670558363, 30.1681124557339], [78.7772878775696, 30.168107483357], [78.7772926298126, 30.1680503501915], [78.7773718080343, 30.1680553225634]]]}, "properties": {"confidence": 0.7959, "area_in_meters": 48.61, "full_plus_code": "8J2W5Q9G+6WP8", "source": "Google Open Buildings v3"}}, {"type": "Feature", "geometry": {"type": "Polygon", "coordinates": [[[78.7772189157434, 30.1676689909831], [78.7771236775844, 30.1676755514024], [78.7771141574625, 30.1675712049236], [78.7772093955207, 30.1675646445061], [78.7772189157434, 30.1676689909831]]]}, "properties": {"confidence": 0.8339, "area_in_meters": 106.9, "full_plus_code": "8J2W5Q9G+2VVV", "source": "Google Open Buildings v3"}}, {"type": "Feature", "geometry": {"type": "Polygon", "coordinates": [[[78.7772751145589, 30.1676798984761], [78.7772171913637, 30.1676787237022], [78.7772197672293, 30.1675828342476], [78.7772776903688, 30.1675840090176], [78.7772751145589, 30.1676798984761]]]}, "properties": {"confidence": 0.7643, "area_in_meters": 59.41, "full_plus_code": "8J2W5Q9G+3V59", "source": "Google Open Buildings v3"}}, {"type": "Feature", "geometry": {"type": "Polygon", "coordinates": [[[78.7761389176914, 30.1688454085658], [78.7761364665531, 30.1688854867922], [78.7760955212636, 30.168883596158], [78.7760979724182, 30.1688435179333], [78.7761389176914, 30.1688454085658]]]}, "properties": {"confidence": 0.6773, "area_in_meters": 17.59, "full_plus_code": "8J2W5Q9G+GCXH", "source": "Google Open Buildings v3"}}, {"type": "Feature", "geometry": {"type": "Polygon", "coordinates": [[[78.7773737182015, 30.1677547489821], [78.7773524565906, 30.1677885115006], [78.777306881302, 30.1677668422725], [78.7773281429225, 30.1677330797617], [78.7773737182015, 30.1677547489821]]]}, "properties": {"confidence": 0.8196, "area_in_meters": 21.37, "full_plus_code": "8J2W5Q9G+4W4H", "source": "Google Open Buildings v3"}}, {"type": "Feature", "geometry": {"type": "Polygon", "coordinates": [[[78.7773662877018, 30.1678551394243], [78.777319309469, 30.1678348813428], [78.7773605261976, 30.1677627168033], [78.7774075044064, 30.167782974869], [78.7773662877018, 30.1678551394243]]]}, "properties": {"confidence": 0.8221, "area_in_meters": 45.17, "full_plus_code": "8J2W5Q9G+4WH8", "source": "Google Open Buildings v3"}}, {"type": "Feature", "geometry": {"type": "Polygon", "coordinates": [[[78.7773547081212, 30.167875413595], [78.7773251639017, 30.1679271411946], [78.7772781856452, 30.1679068830973], [78.7773077298817, 30.167855155509], [78.7773547081212, 30.167875413595]]]}, "properties": {"confidence": 0.7104, "area_in_meters": 32.37, "full_plus_code": "8J2W5Q9G+5W4J", "source": "Google Open Buildings v3"}}, {"type": "Feature", "geometry": {"type": "Polygon", "coordinates": [[[78.7773677826997, 30.1679364446647], [78.777339211205, 30.1679215870907], [78.777396261931, 30.1678387551923], [78.7774248334122, 30.1678536127531], [78.7773677826997, 30.1679364446647]]]}, "properties": {"confidence": 0.6569, "area_in_meters": 34.36, "full_plus_code": "8J2W5Q9G+5X2C", "source": "Google Open Buildings v3"}}, {"type": "Feature", "geometry": {"type": "Polygon", "coordinates": [[[78.7773054458214, 30.167811527913], [78.7772588998594, 30.1678854406979], [78.7771862613161, 30.1678509039244], [78.7772328073127, 30.167776991167], [78.7773054458214, 30.167811527913]]]}, "properties": {"confidence": 0.9072, "area_in_meters": 74.58, "full_plus_code": "8J2W5Q9G+4VQ9", "source": "Google Open Buildings v3"}}, {"type": "Feature", "geometry": {"type": "Polygon", "coordinates": [[[78.7772839237206, 30.1678973385467], [78.7772588998597, 30.1678854406986], [78.7772961590517, 30.1678262748757], [78.7773211829033, 30.1678381727169], [78.7772839237206, 30.1678973385467]]]}, "properties": {"confidence": 0.6523, "area_in_meters": 20.57, "full_plus_code": "8J2W5Q9G+4WVF", "source": "Google Open Buildings v3"}}, {"type": "Feature", "geometry": {"type": "Polygon", "coordinates": [[[78.7774559797732, 30.1677209384104], [78.7774333001524, 30.1677501426205], [78.7774114538772, 30.1677373334619], [78.7774341335013, 30.1677081292553], [78.7774559797732, 30.1677209384104]]]}, "properties": {"confidence": 0.6683, "area_in_meters": 9.93, "full_plus_code": "8J2W5Q9G+3XV5", "source": "Google Open Buildings v3"}}, {"type": "Feature", "geometry": {"type": "Polygon", "coordinates": [[[78.777699307743, 30.1680117655135], [78.7776605004382, 30.1680447385225], [78.7775475848554, 30.1679444018659], [78.7775863921542, 30.1679114288902], [78.777699307743, 30.1680117655135]]]}, "properties": {"confidence": 0.8742, "area_in_meters": 81.42, "full_plus_code": "8J2W5Q9H+52X5", "source": "Google Open Buildings v3"}}, {"type": "Feature", "geometry": {"type": "Polygon", "coordinates": [[[78.7777494075597, 30.1680428301358], [78.7777134711219, 30.1680403413428], [78.7777163530403, 30.1680089234333], [78.7777522894674, 30.1680114122252], [78.7777494075597, 30.1680428301358]]]}, "properties": {"confidence": 0.7297, "area_in_meters": 12.15, "full_plus_code": "8J2W5Q9H+6393", "source": "Google Open Buildings v3"}}, {"type": "Feature", "geometry": {"type": "Polygon", "coordinates": [[[78.7777088095046, 30.1681221058433], [78.7776558977171, 30.1681267729531], [78.7776486818993, 30.1680650082391], [78.7777015936538, 30.1680603411308], [78.7777088095046, 30.1681221058433]]]}, "properties": {"confidence": 0.8081, "area_in_meters": 35.29, "full_plus_code": "8J2W5Q9H+63MP", "source": "Google Open Buildings v3"}}, {"type": "Feature", "geometry": {"type": "Polygon", "coordinates": [[[78.7777017653074, 30.1681383053687], [78.7777059986935, 30.1681787267791], [78.7776638674489, 30.1681820581939], [78.77765963408, 30.1681416367831], [78.7777017653074, 30.1681383053687]]]}, "properties": {"confidence": 0.7385, "area_in_meters": 18.36, "full_plus_code": "8J2W5Q9H+737H", "source": "Google Open Buildings v3"}}, {"type": "Feature", "geometry": {"type": "Polygon", "coordinates": [[[78.7775861711256, 30.168100056732], [78.7775440127847, 30.1681023061117], [78.7775400936066, 30.1680468477945], [78.7775822519237, 30.1680445984148], [78.7775861711256, 30.168100056732]]]}, "properties": {"confidence": 0.724, "area_in_meters": 25.09, "full_plus_code": "8J2W5Q9H+62GR", "source": "Google Open Buildings v3"}}, {"type": "Feature", "geometry": {"type": "Polygon", "coordinates": [[[78.7774263508573, 30.167967410141], [78.777436887212, 30.1680180770239], [78.7773954932548, 30.168024576122], [78.7773849569209, 30.1679739092367], [78.7774263508573, 30.167967410141]]]}, "properties": {"confidence": 0.714, "area_in_meters": 23.15, "full_plus_code": "8J2W5Q9G+5XVR", "source": "Google Open Buildings v3"}}, {"type": "Feature", "geometry": {"type": "Polygon", "coordinates": [[[78.7774785336174, 30.1680412426132], [78.7774720618726, 30.1681190500141], [78.7774231035075, 30.1681159754852], [78.7774295752917, 30.1680381680888], [78.7774785336174, 30.1680412426132]]]}, "properties": {"confidence": 0.7035, "area_in_meters": 40.93, "full_plus_code": "8J2W5Q9G+6XP3", "source": "Google Open Buildings v3"}}, {"type": "Feature", "geometry": {"type": "Polygon", "coordinates": [[[78.7775798408075, 30.1682162420483], [78.7775760041511, 30.1682655201401], [78.7775161315658, 30.1682620006716], [78.7775199682518, 30.168212722583], [78.7775798408075, 30.1682162420483]]]}, "properties": {"confidence": 0.8538, "area_in_meters": 31.68, "full_plus_code": "8J2W5Q9H+72VG", "source": "Google Open Buildings v3"}}, {"type": "Feature", "geometry": {"type": "Polygon", "coordinates": [[[78.777608627277, 30.1683408689282], [78.7776046943711, 30.1683830388484], [78.7775424288352, 30.1683786544778], [78.7775463617674, 30.168336484561], [78.777608627277, 30.1683408689282]]]}, "properties": {"confidence": 0.6632, "area_in_meters": 28.25, "full_plus_code": "8J2W5Q9H+82W7", "source": "Google Open Buildings v3"}}, {"type": "Feature", "geometry": {"type": "Polygon", "coordinates": [[[78.777628137741, 30.1682610651796], [78.7775805965871, 30.1682652415664], [78.7775747670593, 30.1682151399813], [78.7776223081892, 30.1682109635954], [78.777628137741, 30.1682610651796]]]}, "properties": {"confidence": 0.7356, "area_in_meters": 25.72, "full_plus_code": "8J2W5Q9H+72XC", "source": "Google Open Buildings v3"}}, {"type": "Feature", "geometry": {"type": "Polygon", "coordinates": [[[78.7777006403021, 30.1681899799889], [78.7776992795885, 30.1682208617271], [78.7776681191748, 30.1682198251096], [78.7776694798985, 30.1681889433722], [78.7777006403021, 30.1681899799889]]]}, "properties": {"confidence": 0.6636, "area_in_meters": 10.3, "full_plus_code": "8J2W5Q9H+73M5", "source": "Google Open Buildings v3"}}, {"type": "Feature", "geometry": {"type": "Polygon", "coordinates": [[[78.7779772517778, 30.1680638612964], [78.777894231111, 30.1680916051654], [78.7778709955211, 30.1680391095236], [78.7779540161476, 30.1680113656676], [78.7779772517778, 30.1680638612964]]]}, "properties": {"confidence": 0.8002, "area_in_meters": 53.48, "full_plus_code": "8J2W5Q9H+65F4", "source": "Google Open Buildings v3"}}, {"type": "Feature", "geometry": {"type": "Polygon", "coordinates": [[[78.7782260951352, 30.1677051722631], [78.7782455297606, 30.1677463197244], [78.7782104672351, 30.1677588231473], [78.7781910326224, 30.1677176756814], [78.7782260951352, 30.1677051722631]]]}, "properties": {"confidence": 0.7708, "area_in_meters": 18.02, "full_plus_code": "8J2W5Q9H+37W9", "source": "Google Open Buildings v3"}}, {"type": "Feature", "geometry": {"type": "Polygon", "coordinates": [[[78.7783074628345, 30.1677171732126], [78.7782551444677, 30.1677396911206], [78.7782303624655, 30.1676962185095], [78.778282680814, 30.1676737006103], [78.7783074628345, 30.1677171732126]]]}, "properties": {"confidence": 0.6707, "area_in_meters": 30.28, "full_plus_code": "8J2W5Q9H+38J8", "source": "Google Open Buildings v3"}}, {"type": "Feature", "geometry": {"type": "Polygon", "coordinates": [[[78.77822262175, 30.1677884151443], [78.7781678255732, 30.1678044059825], [78.7781359169302, 30.1677218515836], [78.7781907130649, 30.1677058607563], [78.77822262175, 30.1677884151443]]]}, "properties": {"confidence": 0.7398, "area_in_meters": 53.81, "full_plus_code": "8J2W5Q9H+4738", "source": "Google Open Buildings v3"}}, {"type": "Feature", "geometry": {"type": "Polygon", "coordinates": [[[78.7781355319329, 30.1679010597886], [78.7780858301153, 30.1679271810452], [78.7780206499829, 30.1678335445368], [78.7780703517674, 30.1678074233035], [78.7781355319329, 30.1679010597886]]]}, "properties": {"confidence": 0.8491, "area_in_meters": 67.95, "full_plus_code": "8J2W5Q9H+46WM", "source": "Google Open Buildings v3"}}, {"type": "Feature", "geometry": {"type": "Polygon", "coordinates": [[[78.7780858301161, 30.1679271810471], [78.7779602988121, 30.1679931550522], [78.7779270697931, 30.1679454188251], [78.7780526010546, 30.1678794448496], [78.7780858301161, 30.1679271810471]]]}, "properties": {"confidence": 0.8808, "area_in_meters": 87.49, "full_plus_code": "8J2W5Q9H+56CC", "source": "Google Open Buildings v3"}}, {"type": "Feature", "geometry": {"type": "Polygon", "coordinates": [[[78.7778877092623, 30.1680381801216], [78.7778384325925, 30.1680554621485], [78.777780134747, 30.1679299603594], [78.7778294113612, 30.1679126783508], [78.7778877092623, 30.1680381801216]]]}, "properties": {"confidence": 0.8842, "area_in_meters": 76.88, "full_plus_code": "8J2W5Q9H+54W8", "source": "Google Open Buildings v3"}}, {"type": "Feature", "geometry": {"type": "Polygon", "coordinates": [[[78.7776375667879, 30.1675887452121], [78.7775809829577, 30.1675975127074], [78.7775633032191, 30.1675113642366], [78.7776198870007, 30.1675025967471], [78.7776375667879, 30.1675887452121]]]}, "properties": {"confidence": 0.8458, "area_in_meters": 53.77, "full_plus_code": "8J2W5Q9H+22H2", "source": "Google Open Buildings v3"}}, {"type": "Feature", "geometry": {"type": "Polygon", "coordinates": [[[78.7774722882983, 30.1674789799905], [78.777471811898, 30.1675002047581], [78.7774406780223, 30.1674996771392], [78.7774411544292, 30.1674784523721], [78.7774722882983, 30.1674789799905]]]}, "properties": {"confidence": 0.691, "area_in_meters": 7.07, "full_plus_code": "8J2W5Q8G+XXWG", "source": "Google Open Buildings v3"}}, {"type": "Feature", "geometry": {"type": "Polygon", "coordinates": [[[78.7774687787369, 30.1675148233814], [78.7774390117596, 30.1675106663095], [78.7774425347899, 30.1674916196836], [78.7774723017617, 30.1674957767545], [78.7774687787369, 30.1675148233814]]]}, "properties": {"confidence": 0.6581, "area_in_meters": 6.22, "full_plus_code": "8J2W5Q9G+2X44", "source": "Google Open Buildings v3"}}, {"type": "Feature", "geometry": {"type": "Polygon", "coordinates": [[[78.7775460440716, 30.1672936575863], [78.7774967912553, 30.1673019801832], [78.7774835896589, 30.1672429932255], [78.7775328424461, 30.1672346706318], [78.7775460440716, 30.1672936575863]]]}, "properties": {"confidence": 0.82, "area_in_meters": 32.23, "full_plus_code": "8J2W5Q8H+W22M", "source": "Google Open Buildings v3"}}, {"type": "Feature", "geometry": {"type": "Polygon", "coordinates": [[[78.777407953073, 30.167499680249], [78.7773504433026, 30.167517391979], [78.7773165175922, 30.1674342223002], [78.7773740273183, 30.1674165105826], [78.777407953073, 30.167499680249]]]}, "properties": {"confidence": 0.8477, "area_in_meters": 57.55, "full_plus_code": "8J2W5Q8G+XWQP", "source": "Google Open Buildings v3"}}, {"type": "Feature", "geometry": {"type": "Polygon", "coordinates": [[[78.7774295577881, 30.1675921220235], [78.7773523340907, 30.167600010483], [78.7773413570608, 30.1675188772579], [78.7774185806948, 30.1675109888016], [78.7774295577881, 30.1675921220235]]]}, "properties": {"confidence": 0.8824, "area_in_meters": 67.9, "full_plus_code": "8J2W5Q9G+2XC7", "source": "Google Open Buildings v3"}}, {"type": "Feature", "geometry": {"type": "Polygon", "coordinates": [[[78.7772614814865, 30.1675339510327], [78.7772636566128, 30.1675759589559], [78.7772107662205, 30.1675780266296], [78.7772085911168, 30.1675360187068], [78.7772614814865, 30.1675339510327]]]}, "properties": {"confidence": 0.7421, "area_in_meters": 23.8, "full_plus_code": "8J2W5Q9G+2VH8", "source": "Google Open Buildings v3"}}, {"type": "Feature", "geometry": {"type": "Polygon", "coordinates": [[[78.777429965021, 30.1672446714279], [78.7773754650823, 30.1672580776517], [78.7773313513787, 30.1671226769147], [78.7773858512463, 30.1671092707051], [78.777429965021, 30.1672446714279]]]}, "properties": {"confidence": 0.7602, "area_in_meters": 85.21, "full_plus_code": "8J2W5Q8G+VXC6", "source": "Google Open Buildings v3"}}, {"type": "Feature", "geometry": {"type": "Polygon", "coordinates": [[[78.7791454773951, 30.1656278329238], [78.7791399441163, 30.1656530110146], [78.7791156243333, 30.1656489755725], [78.779121157618, 30.1656237974832], [78.7791454773951, 30.1656278329238]]]}, "properties": {"confidence": 0.667, "area_in_meters": 6.78, "full_plus_code": "8J2W5Q8H+7M2C", "source": "Google Open Buildings v3"}}, {"type": "Feature", "geometry": {"type": "Polygon", "coordinates": [[[78.7786560788481, 30.169053870478], [78.7785675878057, 30.1690635812966], [78.7785531819945, 30.1689644698479], [78.7786416729487, 30.1689547590345], [78.7786560788481, 30.169053870478]]]}, "properties": {"confidence": 0.8459, "area_in_meters": 95.25, "full_plus_code": "8J2W5Q9H+JC57", "source": "Google Open Buildings v3"}}, {"type": "Feature", "geometry": {"type": "Polygon", "coordinates": [[[78.7787389121775, 30.1688480259854], [78.7786755537547, 30.1688772062035], [78.7786192150649, 30.1687848500296], [78.7786825734398, 30.1687556698367], [78.7787389121775, 30.1688480259854]]]}, "properties": {"confidence": 0.7709, "area_in_meters": 80.12, "full_plus_code": "8J2W5Q9H+GFFP", "source": "Google Open Buildings v3"}}, {"type": "Feature", "geometry": {"type": "Polygon", "coordinates": [[[78.7788170058919, 30.1688230237804], [78.778763286573, 30.168839936506], [78.7787459693708, 30.1687984087891], [78.7787996886695, 30.1687814960691], [78.7788170058919, 30.1688230237804]]]}, "properties": {"confidence": 0.714, "area_in_meters": 26.98, "full_plus_code": "8J2W5Q9H+GGFC", "source": "Google Open Buildings v3"}}, {"type": "Feature", "geometry": {"type": "Polygon", "coordinates": [[[78.7781726455329, 30.1687036230684], [78.7781755102499, 30.1687644778907], [78.778084778649, 30.1687677025563], [78.7780819139883, 30.1687068477348], [78.7781726455329, 30.1687036230684]]]}, "properties": {"confidence": 0.8077, "area_in_meters": 59.12, "full_plus_code": "8J2W5Q9H+F7RC", "source": "Google Open Buildings v3"}}, {"type": "Feature", "geometry": {"type": "Polygon", "coordinates": [[[78.7788169946263, 30.1688230714901], [78.7788474946326, 30.1688960714879], [78.778793794636, 30.1689130714918], [78.7787632946296, 30.1688399714941], [78.7788169946263, 30.1688230714901]]]}, "properties": {"confidence": 0.8099, "area_in_meters": 47.46, "full_plus_code": "8J2W5Q9H+GGVQ", "source": "Google Open Buildings v3"}}, {"type": "Feature", "geometry": {"type": "Polygon", "coordinates": [[[78.7788933829603, 30.1687803007249], [78.7788281339972, 30.1687981611721], [78.7788139885391, 30.168759145219], [78.7788792374782, 30.168741284778], [78.7788933829603, 30.1687803007249]]]}, "properties": {"confidence": 0.7589, "area_in_meters": 29.91, "full_plus_code": "8J2W5Q9H+GG5M", "source": "Google Open Buildings v3"}}, {"type": "Feature", "geometry": {"type": "Polygon", "coordinates": [[[78.7786911828668, 30.1686620794344], [78.7787057632672, 30.1687021870946], [78.7786777415772, 30.1687098780542], [78.7786631611872, 30.1686697703915], [78.7786911828668, 30.1686620794344]]]}, "properties": {"confidence": 0.7142, "area_in_meters": 13.21, "full_plus_code": "8J2W5Q9H+FFFH", "source": "Google Open Buildings v3"}}, {"type": "Feature", "geometry": {"type": "Polygon", "coordinates": [[[78.7787738708938, 30.168750547808], [78.7787205588729, 30.1687812768757], [78.7786996822568, 30.1687539317627], [78.7787529942687, 30.1687232027027], [78.7787738708938, 30.168750547808]]]}, "properties": {"confidence": 0.7297, "area_in_meters": 22.44, "full_plus_code": "8J2W5Q9H+GF54", "source": "Google Open Buildings v3"}}, {"type": "Feature", "geometry": {"type": "Polygon", "coordinates": [[[78.7774131304665, 30.1677423376106], [78.7773954494758, 30.1677829040246], [78.7773578910423, 30.1677705445445], [78.7773755720455, 30.1677299781361], [78.7774131304665, 30.1677423376106]]]}, "properties": {"confidence": 0.7331, "area_in_meters": 18.62, "full_plus_code": "8J2W5Q9G+4X27", "source": "Google Open Buildings v3"}}, {"type": "Feature", "geometry": {"type": "Polygon", "coordinates": [[[78.7786798968623, 30.1687657231935], [78.7786236603388, 30.1687875047649], [78.7786093016715, 30.1687595157748], [78.7786655381816, 30.168737734209], [78.7786798968623, 30.1687657231935]]]}, "properties": {"confidence": 0.7483, "area_in_meters": 20.17, "full_plus_code": "8J2W5Q9H+GF2G", "source": "Google Open Buildings v3"}}, {"type": "Feature", "geometry": {"type": "Polygon", "coordinates": [[[78.7785171805143, 30.1685729747772], [78.7784657132575, 30.168578528022], [78.7784554687662, 30.1685068442438], [78.7785069359858, 30.1685012910012], [78.7785171805143, 30.1685729747772]]]}, "properties": {"confidence": 0.7387, "area_in_meters": 40.05, "full_plus_code": "8J2W5Q9H+C99G", "source": "Google Open Buildings v3"}}, {"type": "Feature", "geometry": {"type": "Polygon", "coordinates": [[[78.7785546758775, 30.1685744089896], [78.7785040924057, 30.1685502462615], [78.7785456503688, 30.1684845618244], [78.7785962338196, 30.1685087245353], [78.7785546758775, 30.1685744089896]]]}, "properties": {"confidence": 0.853, "area_in_meters": 46.25, "full_plus_code": "8J2W5Q9H+CC74", "source": "Google Open Buildings v3"}}, {"type": "Feature", "geometry": {"type": "Polygon", "coordinates": [[[78.7786723777448, 30.1685340521256], [78.7786218467158, 30.1686049248901], [78.7785522175046, 30.1685674434733], [78.7786027485609, 30.1684965707368], [78.7786723777448, 30.1685340521256]]]}, "properties": {"confidence": 0.7986, "area_in_meters": 73.0, "full_plus_code": "8J2W5Q9H+CCH4", "source": "Google Open Buildings v3"}}, {"type": "Feature", "geometry": {"type": "Polygon", "coordinates": [[[78.7782136041733, 30.1685350057631], [78.7781907144138, 30.1686071814019], [78.7781428094895, 30.1685957110573], [78.77816569928, 30.1685235354285], [78.7782136041733, 30.1685350057631]]]}, "properties": {"confidence": 0.7981, "area_in_meters": 39.77, "full_plus_code": "8J2W5Q9H+C7FP", "source": "Google Open Buildings v3"}}, {"type": "Feature", "geometry": {"type": "Polygon", "coordinates": [[[78.7783001710353, 30.1686679085882], [78.7782549436867, 30.1686737640661], [78.7782481979659, 30.1686344260651], [78.7782934252967, 30.1686285705886], [78.7783001710353, 30.1686679085882]]]}, "properties": {"confidence": 0.7768, "area_in_meters": 19.44, "full_plus_code": "8J2W5Q9H+F865", "source": "Google Open Buildings v3"}}, {"type": "Feature", "geometry": {"type": "Polygon", "coordinates": [[[78.778248419912, 30.1687009299402], [78.7781726455321, 30.1687036230663], [78.7781688336455, 30.1686226476022], [78.7782446079632, 30.1686199544752], [78.778248419912, 30.1687009299402]]]}, "properties": {"confidence": 0.8228, "area_in_meters": 65.7, "full_plus_code": "8J2W5Q9H+F78G", "source": "Google Open Buildings v3"}}, {"type": "Feature", "geometry": {"type": "Polygon", "coordinates": [[[78.7781813357401, 30.1686260638588], [78.7781620898337, 30.1686736268815], [78.7781192741393, 30.1686605466084], [78.7781385200627, 30.1686129835926], [78.7781813357401, 30.1686260638588]]]}, "properties": {"confidence": 0.7175, "area_in_meters": 24.46, "full_plus_code": "8J2W5Q9H+F72Q", "source": "Google Open Buildings v3"}}, {"type": "Feature", "geometry": {"type": "Polygon", "coordinates": [[[78.7781716508995, 30.168682494197], [78.7781726455325, 30.1687036230673], [78.7781023448969, 30.1687061216094], [78.7781013502791, 30.1686849927394], [78.7781716508995, 30.168682494197]]]}, "properties": {"confidence": 0.6719, "area_in_meters": 15.9, "full_plus_code": "8J2W5Q9H+F7CM", "source": "Google Open Buildings v3"}}, {"type": "Feature", "geometry": {"type": "Polygon", "coordinates": [[[78.7774218950792, 30.1687805395253], [78.7773415297249, 30.1687781721761], [78.7773433431931, 30.1687316932756], [78.77742370851, 30.1687340606215], [78.7774218950792, 30.1687805395253]]]}, "properties": {"confidence": 0.8568, "area_in_meters": 39.97, "full_plus_code": "8J2W5Q9G+GX26", "source": "Google Open Buildings v3"}}, {"type": "Feature", "geometry": {"type": "Polygon", "coordinates": [[[78.7782458477916, 30.1686966493322], [78.7782421971896, 30.1687390850809], [78.7782083816664, 30.1687368887708], [78.7782120322829, 30.1686944530237], [78.7782458477916, 30.1686966493322]]]}, "properties": {"confidence": 0.8009, "area_in_meters": 15.43, "full_plus_code": "8J2W5Q9H+F7QM", "source": "Google Open Buildings v3"}}, {"type": "Feature", "geometry": {"type": "Polygon", "coordinates": [[[78.7783362590488, 30.1687305668903], [78.7783462533501, 30.1687761760327], [78.7783116016911, 30.1687819088465], [78.7783016074054, 30.1687362997023], [78.7783362590488, 30.1687305668903]]]}, "properties": {"confidence": 0.7287, "area_in_meters": 17.51, "full_plus_code": "8J2W5Q9H+G847", "source": "Google Open Buildings v3"}}, {"type": "Feature", "geometry": {"type": "Polygon", "coordinates": [[[78.7783620315166, 30.1687263030526], [78.7783016074048, 30.1687362997011], [78.7782911492461, 30.1686885736235], [78.7783515733295, 30.1686785769786], [78.7783620315166, 30.1687263030526]]]}, "properties": {"confidence": 0.7575, "area_in_meters": 31.94, "full_plus_code": "8J2W5Q9H+F8P7", "source": "Google Open Buildings v3"}}, {"type": "Feature", "geometry": {"type": "Polygon", "coordinates": [[[78.7784915658242, 30.1686127503997], [78.7785132386986, 30.1686545182979], [78.7784718577841, 30.168670729621], [78.7784501849252, 30.1686289617169], [78.7784915658242, 30.1686127503997]]]}, "properties": {"confidence": 0.7657, "area_in_meters": 22.23, "full_plus_code": "8J2W5Q9H+F95M", "source": "Google Open Buildings v3"}}, {"type": "Feature", "geometry": {"type": "Polygon", "coordinates": [[[78.7784913434008, 30.1686947188367], [78.7784908059903, 30.1687186715716], [78.7784671015199, 30.1687182700323], [78.7784676389361, 30.1686943172981], [78.7784913434008, 30.1686947188367]]]}, "properties": {"confidence": 0.6551, "area_in_meters": 6.07, "full_plus_code": "8J2W5Q9H+F9Q7", "source": "Google Open Buildings v3"}}, {"type": "Feature", "geometry": {"type": "Polygon", "coordinates": [[[78.7784446450122, 30.1686512881495], [78.7784577137424, 30.1686905810834], [78.7784043105239, 30.1687039911317], [78.7783912418137, 30.1686646981935], [78.7784446450122, 30.1686512881495]]]}, "properties": {"confidence": 0.7185, "area_in_meters": 24.3, "full_plus_code": "8J2W5Q9H+F9F4", "source": "Google Open Buildings v3"}}, {"type": "Feature", "geometry": {"type": "Polygon", "coordinates": [[[78.7784940143835, 30.1687997237965], [78.7784406111095, 30.1688131338567], [78.7784186526232, 30.1687471126612], [78.7784720558636, 30.1687337026082], [78.7784940143835, 30.1687997237965]]]}, "properties": {"confidence": 0.703, "area_in_meters": 40.84, "full_plus_code": "8J2W5Q9H+G94W", "source": "Google Open Buildings v3"}}, {"type": "Feature", "geometry": {"type": "Polygon", "coordinates": [[[78.7785253821967, 30.1689487323009], [78.7784400396529, 30.1689586896703], [78.778426172608, 30.1688689574718], [78.7785115150754, 30.1688590001074], [78.7785253821967, 30.1689487323009]]]}, "properties": {"confidence": 0.8242, "area_in_meters": 83.34, "full_plus_code": "8J2W5Q9H+H996", "source": "Google Open Buildings v3"}}, {"type": "Feature", "geometry": {"type": "Polygon", "coordinates": [[[78.7784408726421, 30.1690194959045], [78.7784541657567, 30.1691456073182], [78.7784145214492, 30.1691487622714], [78.7784109964972, 30.1691153210419], [78.7783553821937, 30.1691197468915], [78.7783456141338, 30.1690270767044], [78.7784408726421, 30.1690194959045]]]}, "properties": {"confidence": 0.7944, "area_in_meters": 109.45, "full_plus_code": "8J2W5Q9H+J9J5", "source": "Google Open Buildings v3"}}, {"type": "Feature", "geometry": {"type": "Polygon", "coordinates": [[[78.7783344015145, 30.1690891542], [78.7783435800057, 30.1691684380611], [78.7782896299469, 30.1691731534509], [78.778280451499, 30.1690938695882], [78.7783344015145, 30.1690891542]]]}, "properties": {"confidence": 0.8032, "area_in_meters": 46.19, "full_plus_code": "8J2W5Q9H+M839", "source": "Google Open Buildings v3"}}, {"type": "Feature", "geometry": {"type": "Polygon", "coordinates": [[[78.7786586065825, 30.1687347111693], [78.7786037443617, 30.1687620841709], [78.7785863582904, 30.168735775649], [78.7786412205005, 30.1687084026541], [78.7786586065825, 30.1687347111693]]]}, "properties": {"confidence": 0.7074, "area_in_meters": 20.52, "full_plus_code": "8J2W5Q9H+FCXH", "source": "Google Open Buildings v3"}}, {"type": "Feature", "geometry": {"type": "Polygon", "coordinates": [[[78.7782375672509, 30.1690198516702], [78.7782398084237, 30.1690676059285], [78.7782029767456, 30.169068910969], [78.7782007355907, 30.1690211567108], [78.7782375672509, 30.1690198516702]]]}, "properties": {"confidence": 0.6685, "area_in_meters": 18.83, "full_plus_code": "8J2W5Q9H+J79J", "source": "Google Open Buildings v3"}}, {"type": "Feature", "geometry": {"type": "Polygon", "coordinates": [[[78.778289629947, 30.1691731534512], [78.7782094370406, 30.1691801624989], [78.7782002586569, 30.1691008786341], [78.7782804514991, 30.1690938695885], [78.778289629947, 30.1691731534512]]]}, "properties": {"confidence": 0.8505, "area_in_meters": 68.65, "full_plus_code": "8J2W5Q9H+M75H", "source": "Google Open Buildings v3"}}, {"type": "Feature", "geometry": {"type": "Polygon", "coordinates": [[[78.7781972479089, 30.1688418272755], [78.7782013684146, 30.1688670233478], [78.7782424118237, 30.1688619557235], [78.7782605885102, 30.1689731021366], [78.7781812862859, 30.1689828935553], [78.7781589891923, 30.1688465510627], [78.7781972479089, 30.1688418272755]]]}, "properties": {"confidence": 0.8319, "area_in_meters": 106.63, "full_plus_code": "8J2W5Q9H+H78P", "source": "Google Open Buildings v3"}}, {"type": "Feature", "geometry": {"type": "Polygon", "coordinates": [[[78.7783116016919, 30.1687819088483], [78.7783282304984, 30.1688577946941], [78.7782773928759, 30.168866205314], [78.7782607641082, 30.1687903194636], [78.7783116016919, 30.1687819088483]]]}, "properties": {"confidence": 0.7265, "area_in_meters": 42.73, "full_plus_code": "8J2W5Q9H+G8FV", "source": "Google Open Buildings v3"}}, {"type": "Feature", "geometry": {"type": "Polygon", "coordinates": [[[78.7781671804864, 30.1687996131363], [78.7780785706076, 30.1687938578771], [78.7780811785496, 30.1687635429577], [78.7781697884019, 30.1687692982136], [78.7781671804864, 30.1687996131363]]]}, "properties": {"confidence": 0.7177, "area_in_meters": 28.87, "full_plus_code": "8J2W5Q9H+G699", "source": "Google Open Buildings v3"}}, {"type": "Feature", "geometry": {"type": "Polygon", "coordinates": [[[78.7780664785729, 30.1688062184374], [78.7780581852412, 30.1688511079082], [78.7779310396902, 30.1688333729433], [78.7779393330769, 30.1687884834832], [78.7780664785729, 30.1688062184374]]]}, "properties": {"confidence": 0.8719, "area_in_meters": 62.58, "full_plus_code": "8J2W5Q9H+G5HQ", "source": "Google Open Buildings v3"}}, {"type": "Feature", "geometry": {"type": "Polygon", "coordinates": [[[78.7780123217351, 30.1689034874606], [78.778009597876, 30.1689410708363], [78.7779324172736, 30.1689368476369], [78.7779351411616, 30.1688992642641], [78.7780123217351, 30.1689034874606]]]}, "properties": {"confidence": 0.6918, "area_in_meters": 31.13, "full_plus_code": "8J2W5Q9H+H59R", "source": "Google Open Buildings v3"}}, {"type": "Feature", "geometry": {"type": "Polygon", "coordinates": [[[78.7780067277764, 30.1691493887056], [78.7779638161049, 30.1691561879813], [78.7779555329362, 30.1691167195371], [78.7779984445907, 30.1691099202633], [78.7780067277764, 30.1691493887056]]]}, "properties": {"confidence": 0.7531, "area_in_meters": 18.71, "full_plus_code": "8J2W5Q9H+M557", "source": "Google Open Buildings v3"}}, {"type": "Feature", "geometry": {"type": "Polygon", "coordinates": [[[78.777997465085, 30.1691129658854], [78.7779543425701, 30.1691221915307], [78.7779340667453, 30.1690506386837], [78.7779772336436, 30.169041569779], [78.777997465085, 30.1691129658854]]]}, "properties": {"confidence": 0.8412, "area_in_meters": 34.94, "full_plus_code": "8J2W5Q9H+J5P9", "source": "Google Open Buildings v3"}}, {"type": "Feature", "geometry": {"type": "Polygon", "coordinates": [[[78.7780341680004, 30.1690014229877], [78.7780434299161, 30.1690457933037], [78.7780126220659, 30.1690506485423], [78.7780033601639, 30.1690062782246], [78.7780341680004, 30.1690014229877]]]}, "properties": {"confidence": 0.6505, "area_in_meters": 15.09, "full_plus_code": "8J2W5Q9H+J664", "source": "Google Open Buildings v3"}}, {"type": "Feature", "geometry": {"type": "Polygon", "coordinates": [[[78.7779734158341, 30.1689954892567], [78.7779777082755, 30.1690399306851], [78.7779350741606, 30.1690430396362], [78.7779307817384, 30.1689985982073], [78.7779734158341, 30.1689954892567]]]}, "properties": {"confidence": 0.7605, "area_in_meters": 20.4, "full_plus_code": "8J2W5Q9H+J54P", "source": "Google Open Buildings v3"}}, {"type": "Feature", "geometry": {"type": "Polygon", "coordinates": [[[78.7779344357832, 30.1691255147412], [78.7778464752187, 30.1691398103183], [78.7778352539797, 30.1690876826201], [78.7778569339301, 30.169084159144], [78.7778413232645, 30.1690116405887], [78.7779076037861, 30.1690008684984], [78.7779344357832, 30.1691255147412]]]}, "properties": {"confidence": 0.7691, "area_in_meters": 103.91, "full_plus_code": "8J2W5Q9H+J5CV", "source": "Google Open Buildings v3"}}, {"type": "Feature", "geometry": {"type": "Polygon", "coordinates": [[[78.777807159388, 30.1689987583321], [78.7777726929098, 30.1690178808397], [78.777748686523, 30.1689852129905], [78.7777831529936, 30.1689660904889], [78.777807159388, 30.1689987583321]]]}, "properties": {"confidence": 0.6786, "area_in_meters": 16.94, "full_plus_code": "8J2W5Q9H+H4RQ", "source": "Google Open Buildings v3"}}, {"type": "Feature", "geometry": {"type": "Polygon", "coordinates": [[[78.7778644135962, 30.16884257011], [78.7778979599607, 30.1688241359533], [78.7779138740586, 30.1688460008266], [78.7778333852932, 30.1688902304083], [78.7777853444011, 30.1688242254238], [78.7778322867756, 30.1687984300183], [78.7778644135962, 30.16884257011]]]}, "properties": {"confidence": 0.7644, "area_in_meters": 57.34, "full_plus_code": "8J2W5Q9H+G4PQ", "source": "Google Open Buildings v3"}}, {"type": "Feature", "geometry": {"type": "Polygon", "coordinates": [[[78.7778404210423, 30.1687937017302], [78.7777826565699, 30.1688233418925], [78.777745371246, 30.1687684811339], [78.7778031356959, 30.1687388409875], [78.7778404210423, 30.1687937017302]]]}, "properties": {"confidence": 0.8473, "area_in_meters": 45.69, "full_plus_code": "8J2W5Q9H+G477", "source": "Google Open Buildings v3"}}, {"type": "Feature", "geometry": {"type": "Polygon", "coordinates": [[[78.7779112072446, 30.1686846851238], [78.7779451039558, 30.1687336800825], [78.7779064977001, 30.1687538455232], [78.7778726010027, 30.1687048505556], [78.7779112072446, 30.1686846851238]]]}, "properties": {"confidence": 0.7235, "area_in_meters": 27.53, "full_plus_code": "8J2W5Q9H+F5MJ", "source": "Google Open Buildings v3"}}, {"type": "Feature", "geometry": {"type": "Polygon", "coordinates": [[[78.7779786391585, 30.1687503082763], [78.7779568031039, 30.1687322954752], [78.7780200676885, 30.168674392923], [78.7780419037432, 30.1686924057137], [78.7779786391585, 30.1687503082763]]]}, "properties": {"confidence": 0.6956, "area_in_meters": 25.7, "full_plus_code": "8J2W5Q9H+F5QH", "source": "Google Open Buildings v3"}}, {"type": "Feature", "geometry": {"type": "Polygon", "coordinates": [[[78.7780899829903, 30.1686777940519], [78.7780798070996, 30.1687306312824], [78.7780442547333, 30.1687254618187], [78.7780544306422, 30.1686726245919], [78.7780899829903, 30.1686777940519]]]}, "properties": {"confidence": 0.775, "area_in_meters": 20.64, "full_plus_code": "8J2W5Q9H+F6P2", "source": "Google Open Buildings v3"}}, {"type": "Feature", "geometry": {"type": "Polygon", "coordinates": [[[78.778062761288, 30.1684906106859], [78.7780259738199, 30.1685305166598], [78.7779924834962, 30.168507207458], [78.7780292709678, 30.1684673014936], [78.778062761288, 30.1684906106859]]]}, "properties": {"confidence": 0.6882, "area_in_meters": 23.45, "full_plus_code": "8J2W5Q9H+96RX", "source": "Google Open Buildings v3"}}, {"type": "Feature", "geometry": {"type": "Polygon", "coordinates": [[[78.7780177858898, 30.1685884109215], [78.7779769760421, 30.1685729794555], [78.7780037340379, 30.168519552961], [78.7780445438684, 30.168534984418], [78.7780177858898, 30.1685884109215]]]}, "properties": {"confidence": 0.7159, "area_in_meters": 27.72, "full_plus_code": "8J2W5Q9H+C6C3", "source": "Google Open Buildings v3"}}, {"type": "Feature", "geometry": {"type": "Polygon", "coordinates": [[[78.7780927762717, 30.1685115010357], [78.7780559888069, 30.1685514070183], [78.7780259738201, 30.1685305166603], [78.7780627612882, 30.1684906106864], [78.7780927762717, 30.1685115010357]]]}, "properties": {"confidence": 0.7202, "area_in_meters": 21.02, "full_plus_code": "8J2W5Q9H+C63X", "source": "Google Open Buildings v3"}}, {"type": "Feature", "geometry": {"type": "Polygon", "coordinates": [[[78.7780848431554, 30.1685502228063], [78.7780580851931, 30.1686036493184], [78.7780177858899, 30.1685884109218], [78.7780445438685, 30.1685349844184], [78.7780848431554, 30.1685502228063]]]}, "properties": {"confidence": 0.7758, "area_in_meters": 27.37, "full_plus_code": "8J2W5Q9H+C6FP", "source": "Google Open Buildings v3"}}, {"type": "Feature", "geometry": {"type": "Polygon", "coordinates": [[[78.7779406275109, 30.16834921771], [78.7779804382895, 30.1683851856705], [78.7779458178247, 30.1684141167552], [78.7779060070489, 30.1683781487842], [78.7779406275109, 30.16834921771]]]}, "properties": {"confidence": 0.8188, "area_in_meters": 25.62, "full_plus_code": "8J2W5Q9H+9546", "source": "Google Open Buildings v3"}}, {"type": "Feature", "geometry": {"type": "Polygon", "coordinates": [[[78.778030700197, 30.1684323388362], [78.7780048903002, 30.1684629171389], [78.7779604615311, 30.1684349789789], [78.7779864770891, 30.1684041570351], [78.778030700197, 30.1684323388362]]]}, "properties": {"confidence": 0.745, "area_in_meters": 22.32, "full_plus_code": "8J2W5Q9H+95H9", "source": "Google Open Buildings v3"}}, {"type": "Feature", "geometry": {"type": "Polygon", "coordinates": [[[78.7778624112383, 30.1684993985448], [78.7778420198566, 30.1685401129832], [78.7777990946133, 30.1685238815446], [78.7778194860084, 30.1684831671137], [78.7778624112383, 30.1684993985448]]]}, "properties": {"confidence": 0.7457, "area_in_meters": 22.22, "full_plus_code": "8J2W5Q9H+C44G", "source": "Google Open Buildings v3"}}, {"type": "Feature", "geometry": {"type": "Polygon", "coordinates": [[[78.7777035942737, 30.1685085009294], [78.7776817672251, 30.168542756751], [78.7776388428734, 30.1685221072134], [78.7776606699314, 30.1684878513994], [78.7777035942737, 30.1685085009294]]]}, "properties": {"confidence": 0.6944, "area_in_meters": 20.54, "full_plus_code": "8J2W5Q9H+C33M", "source": "Google Open Buildings v3"}}, {"type": "Feature", "geometry": {"type": "Polygon", "coordinates": [[[78.777618215497, 30.1686262703489], [78.7776074142669, 30.1686935516704], [78.7775619734933, 30.1686880439786], [78.7775727747533, 30.1686207626624], [78.777618215497, 30.1686262703489]]]}, "properties": {"confidence": 0.6783, "area_in_meters": 33.32, "full_plus_code": "8J2W5Q9H+F289", "source": "Google Open Buildings v3"}}, {"type": "Feature", "geometry": {"type": "Polygon", "coordinates": [[[78.777708296386, 30.1686498149345], [78.7776930961032, 30.1687021797466], [78.7776198517602, 30.1686861276703], [78.7776350520782, 30.1686337628684], [78.777708296386, 30.1686498149345]]]}, "properties": {"confidence": 0.8749, "area_in_meters": 43.61, "full_plus_code": "8J2W5Q9H+F37M", "source": "Google Open Buildings v3"}}, {"type": "Feature", "geometry": {"type": "Polygon", "coordinates": [[[78.777582648495, 30.1685440954294], [78.777565855172, 30.1686131923125], [78.7775115891314, 30.168603234771], [78.7775283824898, 30.1685341378965], [78.777582648495, 30.1685440954294]]]}, "properties": {"confidence": 0.7264, "area_in_meters": 41.87, "full_plus_code": "8J2W5Q9H+C2FW", "source": "Google Open Buildings v3"}}, {"type": "Feature", "geometry": {"type": "Polygon", "coordinates": [[[78.7775968922654, 30.1687539101379], [78.7775184735551, 30.1687776194615], [78.7775721176013, 30.1687177837473], [78.7776076925152, 30.1687418632963], [78.7775968922654, 30.1687539101379]]]}, "properties": {"confidence": 0.6637, "area_in_meters": 21.96, "full_plus_code": "8J2W5Q9H+F2WR", "source": "Google Open Buildings v3"}}, {"type": "Feature", "geometry": {"type": "Polygon", "coordinates": [[[78.777302822579, 30.168412962142], [78.7772690872778, 30.1684547472926], [78.7772313094359, 30.1684317198064], [78.7772650447431, 30.1683899346658], [78.777302822579, 30.168412962142]]]}, "properties": {"confidence": 0.6859, "area_in_meters": 25.18, "full_plus_code": "8J2W5Q9G+9W6W", "source": "Google Open Buildings v3"}}, {"type": "Feature", "geometry": {"type": "Polygon", "coordinates": [[[78.7771977739852, 30.1685351170028], [78.7771196489894, 30.1685527434743], [78.7770943245538, 30.1684679991034], [78.7771724494853, 30.1684503726437], [78.7771977739852, 30.1685351170028]]]}, "properties": {"confidence": 0.873, "area_in_meters": 75.54, "full_plus_code": "8J2W5Q9G+CV24", "source": "Google Open Buildings v3"}}, {"type": "Feature", "geometry": {"type": "Polygon", "coordinates": [[[78.7772313963252, 30.1685410595347], [78.7771994146252, 30.1685505052278], [78.7771878256144, 30.1685208801218], [78.7772198073056, 30.1685114344312], [78.7772313963252, 30.1685410595347]]]}, "properties": {"confidence": 0.6758, "area_in_meters": 11.3, "full_plus_code": "8J2W5Q9G+CV88", "source": "Google Open Buildings v3"}}, {"type": "Feature", "geometry": {"type": "Polygon", "coordinates": [[[78.7772203497681, 30.168505895442], [78.7771911436642, 30.168514838145], [78.7771776840367, 30.1684816499221], [78.7772068901315, 30.1684727072215], [78.7772203497681, 30.168505895442]]]}, "properties": {"confidence": 0.6503, "area_in_meters": 11.65, "full_plus_code": "8J2W5Q9G+9VWM", "source": "Google Open Buildings v3"}}, {"type": "Feature", "geometry": {"type": "Polygon", "coordinates": [[[78.7772153255754, 30.1686275720252], [78.7771409133632, 30.1686405362032], [78.7771231417502, 30.1685635218227], [78.7771975539054, 30.168550557652], [78.7772153255754, 30.1686275720252]]]}, "properties": {"confidence": 0.8141, "area_in_meters": 63.72, "full_plus_code": "8J2W5Q9G+CVMV", "source": "Google Open Buildings v3"}}, {"type": "Feature", "geometry": {"type": "Polygon", "coordinates": [[[78.7773096138786, 30.1685801956392], [78.7773135400963, 30.1686033367858], [78.7772827231327, 30.1686072843029], [78.7772787969222, 30.1685841431557], [78.7773096138786, 30.1685801956392]]]}, "properties": {"confidence": 0.652, "area_in_meters": 7.79, "full_plus_code": "8J2W5Q9G+CWMM", "source": "Google Open Buildings v3"}}, {"type": "Feature", "geometry": {"type": "Polygon", "coordinates": [[[78.777255107218, 30.1686219126138], [78.7772234263057, 30.1686238131613], [78.7772187467351, 30.1685649191921], [78.7772504276286, 30.1685630186451], [78.777255107218, 30.1686219126138]]]}, "properties": {"confidence": 0.6772, "area_in_meters": 20.04, "full_plus_code": "8J2W5Q9G+CVQP", "source": "Google Open Buildings v3"}}, {"type": "Feature", "geometry": {"type": "Polygon", "coordinates": [[[78.7775023882922, 30.1691860557619], [78.7774422738667, 30.1692108888809], [78.7774056272035, 30.1691439124292], [78.7774657415952, 30.1691190793253], [78.7775023882922, 30.1691860557619]]]}, "properties": {"confidence": 0.8271, "area_in_meters": 52.77, "full_plus_code": "8J2W5Q9G+MX8G", "source": "Google Open Buildings v3"}}, {"type": "Feature", "geometry": {"type": "Polygon", "coordinates": [[[78.7774076253666, 30.1688069674786], [78.7773982953037, 30.1688423405392], [78.7773371681443, 30.1688301677591], [78.7773464982274, 30.1687947947041], [78.7774076253666, 30.1688069674786]]]}, "properties": {"confidence": 0.7829, "area_in_meters": 24.33, "full_plus_code": "8J2W5Q9G+GWHQ", "source": "Google Open Buildings v3"}}, {"type": "Feature", "geometry": {"type": "Polygon", "coordinates": [[[78.7774462922109, 30.1689826999034], [78.7773820843328, 30.1690204391229], [78.7772904088875, 30.1689026810523], [78.7773546167183, 30.1688649418727], [78.7774462922109, 30.1689826999034]]]}, "properties": {"confidence": 0.877, "area_in_meters": 117.81, "full_plus_code": "8J2W5Q9G+HWHQ", "source": "Google Open Buildings v3"}}, {"type": "Feature", "geometry": {"type": "Polygon", "coordinates": [[[78.7772873792186, 30.1688718581384], [78.7772818814994, 30.1689248818198], [78.7771829969459, 30.1689171410224], [78.7771884947171, 30.1688641173477], [78.7772873792186, 30.1688718581384]]]}, "properties": {"confidence": 0.8814, "area_in_meters": 56.5, "full_plus_code": "8J2W5Q9G+HV5P", "source": "Google Open Buildings v3"}}, {"type": "Feature", "geometry": {"type": "Polygon", "coordinates": [[[78.7771693980749, 30.169020997462], [78.7770806535213, 30.1690266233567], [78.7770732823832, 30.1689388367047], [78.7771620268583, 30.1689332108111], [78.7771693980749, 30.169020997462]]]}, "properties": {"confidence": 0.8233, "area_in_meters": 83.72, "full_plus_code": "8J2W5Q9G+HRX5", "source": "Google Open Buildings v3"}}, {"type": "Feature", "geometry": {"type": "Polygon", "coordinates": [[[78.7784408726411, 30.1690194959023], [78.7783456141329, 30.1690270767022], [78.7783392223205, 30.1689664371187], [78.7784344807704, 30.1689588563206], [78.7784408726411, 30.1690194959023]]]}, "properties": {"confidence": 0.8841, "area_in_meters": 62.27, "full_plus_code": "8J2W5Q9H+H9RM", "source": "Google Open Buildings v3"}}, {"type": "Feature", "geometry": {"type": "Polygon", "coordinates": [[[78.7775665904792, 30.1688642254488], [78.7774942812163, 30.1688826178217], [78.7774714256085, 30.1688147768111], [78.7775437348246, 30.1687963844483], [78.7775665904792, 30.1688642254488]]]}, "properties": {"confidence": 0.8107, "area_in_meters": 56.93, "full_plus_code": "8J2W5Q9H+G2JG", "source": "Google Open Buildings v3"}}, {"type": "Feature", "geometry": {"type": "Polygon", "coordinates": [[[78.7776896796247, 30.1688860344845], [78.7776317977601, 30.1688928882592], [78.7776180493487, 30.168805226783], [78.7776759311624, 30.1687983730113], [78.7776896796247, 30.1688860344845]]]}, "properties": {"confidence": 0.8023, "area_in_meters": 55.25, "full_plus_code": "8J2W5Q9H+G3JX", "source": "Google Open Buildings v3"}}, {"type": "Feature", "geometry": {"type": "Polygon", "coordinates": [[[78.7776564799084, 30.1687945386213], [78.7775677285074, 30.1688210914629], [78.7775489185187, 30.1687736239325], [78.7776377036842, 30.168747060988], [78.7776564799084, 30.1687945386213]]]}, "properties": {"confidence": 0.7726, "area_in_meters": 50.38, "full_plus_code": "8J2W5Q9H+G297", "source": "Google Open Buildings v3"}}, {"type": "Feature", "geometry": {"type": "Polygon", "coordinates": [[[78.7777273070975, 30.1689605086082], [78.7776882676222, 30.1689802929268], [78.7776544267716, 30.1689297069457], [78.7776934995224, 30.168909972399], [78.7777273070975, 30.1689605086082]]]}, "properties": {"confidence": 0.7339, "area_in_meters": 28.25, "full_plus_code": "8J2W5Q9H+H3GR", "source": "Google Open Buildings v3"}}, {"type": "Feature", "geometry": {"type": "Polygon", "coordinates": [[[78.7777759692233, 30.1689649628794], [78.7777425269576, 30.1689867976415], [78.7777717717776, 30.1690206148518], [78.777741375835, 30.1690404606281], [78.7776894607179, 30.1689804286065], [78.777753298912, 30.168938748085], [78.7777759692233, 30.1689649628794]]]}, "properties": {"confidence": 0.7576, "area_in_meters": 45.18, "full_plus_code": "8J2W5Q9H+H3XG", "source": "Google Open Buildings v3"}}, {"type": "Feature", "geometry": {"type": "Polygon", "coordinates": [[[78.7777346180926, 30.1690421626609], [78.7776728264184, 30.1690781620396], [78.7776279647998, 30.1690200252137], [78.7776897564513, 30.1689840258547], [78.7777346180926, 30.1690421626609]]]}, "properties": {"confidence": 0.8138, "area_in_meters": 55.66, "full_plus_code": "8J2W5Q9H+J379", "source": "Google Open Buildings v3"}}, {"type": "Feature", "geometry": {"type": "Polygon", "coordinates": [[[78.7776882676225, 30.1689802929277], [78.7776211856293, 30.1690142885098], [78.7775872021242, 30.1689636601771], [78.7776544267719, 30.1689297069465], [78.7776882676225, 30.1689802929277]]]}, "properties": {"confidence": 0.7904, "area_in_meters": 48.64, "full_plus_code": "8J2W5Q9H+H3JV", "source": "Google Open Buildings v3"}}, {"type": "Feature", "geometry": {"type": "Polygon", "coordinates": [[[78.7775342431174, 30.1692754490409], [78.7774605826751, 30.1692963790587], [78.7774349491262, 30.1692282687081], [78.7775086095213, 30.1692073387022], [78.7775342431174, 30.1692754490409]]]}, "properties": {"confidence": 0.7936, "area_in_meters": 59.36, "full_plus_code": "8J2W5Q9G+PX54", "source": "Google Open Buildings v3"}}, {"type": "Feature", "geometry": {"type": "Polygon", "coordinates": [[[78.7776025770892, 30.1692747037019], [78.7775418537444, 30.169289882788], [78.7775104339471, 30.1691949856304], [78.7775711572366, 30.1691798065561], [78.7776025770892, 30.1692747037019]]]}, "properties": {"confidence": 0.8755, "area_in_meters": 66.7, "full_plus_code": "8J2W5Q9H+M2V9", "source": "Google Open Buildings v3"}}, {"type": "Feature", "geometry": {"type": "Polygon", "coordinates": [[[78.7786056704188, 30.1709052956423], [78.7786809787041, 30.1709095270702], [78.7786791471198, 30.1709341369407], [78.7786432542203, 30.1709321201926], [78.7786418727259, 30.1709506823771], [78.778602457314, 30.1709484676945], [78.7786056704188, 30.1709052956423]]]}, "properties": {"confidence": 0.7495, "area_in_meters": 27.75, "full_plus_code": "8J2W5QCH+9FC3", "source": "Google Open Buildings v3"}}, {"type": "Feature", "geometry": {"type": "Polygon", "coordinates": [[[78.7773155627129, 30.1690658889241], [78.7774036340792, 30.1692268508588], [78.7773540527634, 30.1692473327237], [78.7772659814641, 30.1690863707592], [78.7773155627129, 30.1690658889241]]]}, "properties": {"confidence": 0.8682, "area_in_meters": 104.59, "full_plus_code": "8J2W5Q9G+MW88", "source": "Google Open Buildings v3"}}, {"type": "Feature", "geometry": {"type": "Polygon", "coordinates": [[[78.7771335259703, 30.1692221224485], [78.7770616109455, 30.169199169573], [78.7770482166535, 30.1692308536738], [78.7769534894172, 30.1692006198248], [78.7769668837351, 30.1691689357341], [78.7769259300126, 30.1691558646138], [78.7769535114121, 30.1690906211489], [78.7770238928516, 30.1691130846433], [78.7770385059215, 30.1690785175054], [78.7771329801529, 30.1691086705667], [78.7771479807924, 30.1690731865287], [78.7771907209137, 30.1690868277377], [78.7771335259703, 30.1692221224485]]]}, "properties": {"confidence": 0.7669, "area_in_meters": 276.67, "full_plus_code": "8J2W5Q9G+MR75", "source": "Google Open Buildings v3"}}, {"type": "Feature", "geometry": {"type": "Polygon", "coordinates": [[[78.7772722400021, 30.1695128548198], [78.7771999530974, 30.1695816281421], [78.7770934328737, 30.1694970985027], [78.777165719783, 30.1694283252395], [78.7772722400021, 30.1695128548198]]]}, "properties": {"confidence": 0.8983, "area_in_meters": 143.63, "full_plus_code": "8J2W5Q9G+RV35", "source": "Google Open Buildings v3"}}, {"type": "Feature", "geometry": {"type": "Polygon", "coordinates": [[[78.777449270918, 30.1695105951445], [78.7773922206684, 30.169575314945], [78.7773563382224, 30.1695514346686], [78.7773721341872, 30.1695335151909], [78.7773425757227, 30.1695138436009], [78.7773838300195, 30.169467043303], [78.777449270918, 30.1695105951445]]]}, "properties": {"confidence": 0.6604, "area_in_meters": 62.85, "full_plus_code": "8J2W5Q9G+RX2P", "source": "Google Open Buildings v3"}}, {"type": "Feature", "geometry": {"type": "Polygon", "coordinates": [[[78.7773196408499, 30.1696726453873], [78.7773015521361, 30.1697091979765], [78.777264165659, 30.1696952298015], [78.7772822543834, 30.1696586772181], [78.7773196408499, 30.1696726453873]]]}, "properties": {"confidence": 0.6973, "area_in_meters": 17.31, "full_plus_code": "8J2W5Q9G+VWF7", "source": "Google Open Buildings v3"}}, {"type": "Feature", "geometry": {"type": "Polygon", "coordinates": [[[78.7772321692865, 30.1696186929035], [78.7771948096311, 30.1695853271155], [78.7772672846113, 30.1695240601926], [78.7773046442709, 30.1695574259602], [78.7772321692865, 30.1696186929035]]]}, "properties": {"confidence": 0.7343, "area_in_meters": 50.32, "full_plus_code": "8J2W5Q9G+RVHX", "source": "Google Open Buildings v3"}}, {"type": "Feature", "geometry": {"type": "Polygon", "coordinates": [[[78.7773278134636, 30.1698496361083], [78.7772957802035, 30.1698966153216], [78.7771501155494, 30.1698216286433], [78.7771821488503, 30.1697746494679], [78.7773278134636, 30.1698496361083]]]}, "properties": {"confidence": 0.8184, "area_in_meters": 98.83, "full_plus_code": "8J2W5Q9G+WVQG", "source": "Google Open Buildings v3"}}, {"type": "Feature", "geometry": {"type": "Polygon", "coordinates": [[[78.777390293481, 30.1697485221463], [78.7774008339518, 30.1697347775857], [78.7774276621979, 30.1697503106153], [78.7773784069273, 30.1698145384664], [78.7773080915946, 30.1697738272284], [78.7773468064125, 30.1697233439603], [78.777390293481, 30.1697485221463]]]}, "properties": {"confidence": 0.7506, "area_in_meters": 60.48, "full_plus_code": "8J2W5Q9G+WW5P", "source": "Google Open Buildings v3"}}, {"type": "Feature", "geometry": {"type": "Polygon", "coordinates": [[[78.7775870901642, 30.1698368305616], [78.7775803046426, 30.1698668891269], [78.7775537254088, 30.1698623591952], [78.7775605109379, 30.1698323006317], [78.7775870901642, 30.1698368305616]]]}, "properties": {"confidence": 0.6858, "area_in_meters": 8.87, "full_plus_code": "8J2W5Q9H+W2PV", "source": "Google Open Buildings v3"}}, {"type": "Feature", "geometry": {"type": "Polygon", "coordinates": [[[78.7774852238225, 30.1698855810606], [78.7774517746465, 30.169860491249], [78.7775029392095, 30.1698089931429], [78.7775363883826, 30.1698340829414], [78.7774852238225, 30.1698855810606]]]}, "properties": {"confidence": 0.7586, "area_in_meters": 32.14, "full_plus_code": "8J2W5Q9G+WXQX", "source": "Google Open Buildings v3"}}, {"type": "Feature", "geometry": {"type": "Polygon", "coordinates": [[[78.7770519020307, 30.1690428324668], [78.7771489449301, 30.169074349763], [78.777133895205, 30.169109334985], [78.777036852278, 30.1690778176766], [78.7770519020307, 30.1690428324668]]]}, "properties": {"confidence": 0.7666, "area_in_meters": 41.36, "full_plus_code": "8J2W5Q9G+JRP5", "source": "Google Open Buildings v3"}}, {"type": "Feature", "geometry": {"type": "Polygon", "coordinates": [[[78.7774899941677, 30.1695479761792], [78.7774627040338, 30.1695979634677], [78.7774177332276, 30.1695794275778], [78.7774450233783, 30.1695294402997], [78.7774899941677, 30.1695479761792]]]}, "properties": {"confidence": 0.7025, "area_in_meters": 29.44, "full_plus_code": "8J2W5Q9G+RXGG", "source": "Google Open Buildings v3"}}, {"type": "Feature", "geometry": {"type": "Polygon", "coordinates": [[[78.7776074949743, 30.1695282791685], [78.777569523554, 30.1696621694949], [78.7774808460882, 30.1696431824252], [78.7775188176179, 30.16950929213], [78.7776074949743, 30.1695282791685]]]}, "properties": {"confidence": 0.7718, "area_in_meters": 134.62, "full_plus_code": "8J2W5Q9H+R2MF", "source": "Google Open Buildings v3"}}, {"type": "Feature", "geometry": {"type": "Polygon", "coordinates": [[[78.777647274038, 30.1695810384705], [78.7776539194689, 30.1695757184387], [78.7777549409323, 30.1696709889093], [78.7776476466404, 30.1697568838169], [78.7775610050404, 30.1696751745112], [78.7776616538783, 30.1695945997055], [78.777647274038, 30.1695810384705]]]}, "properties": {"confidence": 0.8299, "area_in_meters": 175.05, "full_plus_code": "8J2W5Q9H+V37R", "source": "Google Open Buildings v3"}}, {"type": "Feature", "geometry": {"type": "Polygon", "coordinates": [[[78.7776408604759, 30.169530867153], [78.7776353835515, 30.1695784245405], [78.7775989204968, 30.1695752541766], [78.7776043974386, 30.1695276967915], [78.7776408604759, 30.169530867153]]]}, "properties": {"confidence": 0.749, "area_in_meters": 18.72, "full_plus_code": "8J2W5Q9H+R2H5", "source": "Google Open Buildings v3"}}, {"type": "Feature", "geometry": {"type": "Polygon", "coordinates": [[[78.7778888091069, 30.1697790972416], [78.7778487377473, 30.169817089645], [78.7778101793562, 30.1697863859329], [78.7778502507162, 30.1697483935416], [78.7778888091069, 30.1697790972416]]]}, "properties": {"confidence": 0.767, "area_in_meters": 28.81, "full_plus_code": "8J2W5Q9H+W496", "source": "Google Open Buildings v3"}}, {"type": "Feature", "geometry": {"type": "Polygon", "coordinates": [[[78.7778502507158, 30.1697483935407], [78.7777819238863, 30.1698131754346], [78.7776831954508, 30.1697345586864], [78.7777515222839, 30.1696697768436], [78.7778502507158, 30.1697483935407]]]}, "properties": {"confidence": 0.8757, "area_in_meters": 125.79, "full_plus_code": "8J2W5Q9H+V4RP", "source": "Google Open Buildings v3"}}, {"type": "Feature", "geometry": {"type": "Polygon", "coordinates": [[[78.7779284556424, 30.169552050885], [78.7778881722649, 30.1696360566643], [78.7778312781258, 30.1696154588644], [78.7778483596536, 30.1695798376069], [78.7778252456813, 30.1695714694786], [78.7778484475777, 30.1695230849806], [78.7779284556424, 30.169552050885]]]}, "properties": {"confidence": 0.7734, "area_in_meters": 73.99, "full_plus_code": "8J2W5Q9H+R4Q5", "source": "Google Open Buildings v3"}}, {"type": "Feature", "geometry": {"type": "Polygon", "coordinates": [[[78.7778528442644, 30.1692705474253], [78.7777708050527, 30.1693220753306], [78.7777153425893, 30.169255407309], [78.7777973817702, 30.1692038794366], [78.7778528442644, 30.1692705474253]]]}, "properties": {"confidence": 0.8727, "area_in_meters": 89.01, "full_plus_code": "8J2W5Q9H+P43C", "source": "Google Open Buildings v3"}}, {"type": "Feature", "geometry": {"type": "Polygon", "coordinates": [[[78.7778432045849, 30.169191091165], [78.7777682219548, 30.1692069815156], [78.7777505573473, 30.169144049486], [78.7778255399311, 30.1691281591433], [78.7778432045849, 30.169191091165]]]}, "properties": {"confidence": 0.8403, "area_in_meters": 53.44, "full_plus_code": "8J2W5Q9H+M47P", "source": "Google Open Buildings v3"}}, {"type": "Feature", "geometry": {"type": "Polygon", "coordinates": [[[78.777911934841, 30.1692110186537], [78.7778625429437, 30.1692125398595], [78.7778608455682, 30.1691709307929], [78.7779102374445, 30.1691694095866], [78.777911934841, 30.1692110186537]]]}, "properties": {"confidence": 0.6613, "area_in_meters": 22.0, "full_plus_code": "8J2W5Q9H+M5CM", "source": "Google Open Buildings v3"}}, {"type": "Feature", "geometry": {"type": "Polygon", "coordinates": [[[78.7780452853501, 30.1692709646977], [78.7779996045583, 30.1692853234683], [78.7779846790875, 30.1692494739105], [78.7780303598642, 30.1692351151443], [78.7780452853501, 30.1692709646977]]]}, "properties": {"confidence": 0.7484, "area_in_meters": 19.8, "full_plus_code": "8J2W5Q9H+P62F", "source": "Google Open Buildings v3"}}, {"type": "Feature", "geometry": {"type": "Polygon", "coordinates": [[[78.778023039997, 30.1691530009706], [78.7780581409306, 30.1692140892056], [78.778025206154, 30.1692283766795], [78.7779901052385, 30.1691672884358], [78.778023039997, 30.1691530009706]]]}, "properties": {"confidence": 0.7901, "area_in_meters": 26.87, "full_plus_code": "8J2W5Q9H+M6CQ", "source": "Google Open Buildings v3"}}, {"type": "Feature", "geometry": {"type": "Polygon", "coordinates": [[[78.7780251232226, 30.1692306782227], [78.7779816648829, 30.169247335891], [78.7779465289986, 30.1691781289468], [78.7779899873119, 30.1691614712879], [78.7780251232226, 30.1692306782227]]]}, "properties": {"confidence": 0.7858, "area_in_meters": 38.41, "full_plus_code": "8J2W5Q9H+M5Q4", "source": "Google Open Buildings v3"}}, {"type": "Feature", "geometry": {"type": "Polygon", "coordinates": [[[78.7780668467185, 30.1691491389778], [78.778063260603, 30.1691708197375], [78.7780360004617, 30.169167415512], [78.7780395865827, 30.1691457347534], [78.7780668467185, 30.1691491389778]]]}, "properties": {"confidence": 0.7093, "area_in_meters": 6.45, "full_plus_code": "8J2W5Q9H+M678", "source": "Google Open Buildings v3"}}, {"type": "Feature", "geometry": {"type": "Polygon", "coordinates": [[[78.7780712745394, 30.1691786031667], [78.7781084728144, 30.1692433414476], [78.7780816380901, 30.1692549826605], [78.7780444398279, 30.1691902443743], [78.7780712745394, 30.1691786031667]]]}, "properties": {"confidence": 0.6753, "area_in_meters": 23.2, "full_plus_code": "8J2W5Q9H+M6PM", "source": "Google Open Buildings v3"}}, {"type": "Feature", "geometry": {"type": "Polygon", "coordinates": [[[78.778079917776, 30.1692516545508], [78.778055103539, 30.1692661776963], [78.7780286309053, 30.1692320287892], [78.778053445137, 30.1692175056484], [78.778079917776, 30.1692516545508]]]}, "properties": {"confidence": 0.7005, "area_in_meters": 13.17, "full_plus_code": "8J2W5Q9H+M6VP", "source": "Google Open Buildings v3"}}, {"type": "Feature", "geometry": {"type": "Polygon", "coordinates": [[[78.7781390444809, 30.1694309129559], [78.7780967732527, 30.1694440732527], [78.7780834122278, 30.1694116723652], [78.7781256834434, 30.169398512072], [78.7781390444809, 30.1694309129559]]]}, "properties": {"confidence": 0.6633, "area_in_meters": 16.52, "full_plus_code": "8J2W5Q9H+Q69W", "source": "Google Open Buildings v3"}}, {"type": "Feature", "geometry": {"type": "Polygon", "coordinates": [[[78.7781256834429, 30.1693985120709], [78.7780834122273, 30.1694116723641], [78.7780605829357, 30.1693563105969], [78.7781028541298, 30.1693431503098], [78.7781256834429, 30.1693985120709]]]}, "properties": {"confidence": 0.7536, "area_in_meters": 28.23, "full_plus_code": "8J2W5Q9H+Q645", "source": "Google Open Buildings v3"}}, {"type": "Feature", "geometry": {"type": "Polygon", "coordinates": [[[78.778042221928, 30.1694233232201], [78.7779503023514, 30.1694618193153], [78.7778877659478, 30.1693490833033], [78.7779796854384, 30.1693105872473], [78.778042221928, 30.1694233232201]]]}, "properties": {"confidence": 0.8827, "area_in_meters": 136.51, "full_plus_code": "8J2W5Q9H+Q54H", "source": "Google Open Buildings v3"}}, {"type": "Feature", "geometry": {"type": "Polygon", "coordinates": [[[78.7780679153, 30.1694696411768], [78.7779759956879, 30.1695081372881], [78.7779503023522, 30.1694618193173], [78.7780422219289, 30.1694233232221], [78.7780679153, 30.1694696411768]]]}, "properties": {"confidence": 0.7845, "area_in_meters": 56.08, "full_plus_code": "8J2W5Q9H+Q6JM", "source": "Google Open Buildings v3"}}, {"type": "Feature", "geometry": {"type": "Polygon", "coordinates": [[[78.7781778421089, 30.1695249981538], [78.7781355708439, 30.1695381584612], [78.7780967732534, 30.1694440732543], [78.7781390444815, 30.1694309129575], [78.7781778421089, 30.1695249981538]]]}, "properties": {"confidence": 0.8059, "area_in_meters": 47.97, "full_plus_code": "8J2W5Q9H+Q7R7", "source": "Google Open Buildings v3"}}, {"type": "Feature", "geometry": {"type": "Polygon", "coordinates": [[[78.7782766311692, 30.1691984632229], [78.7782861947445, 30.1692637078896], [78.7782410900678, 30.1692686994404], [78.7782315265222, 30.1692034547719], [78.7782766311692, 30.1691984632229]]]}, "properties": {"confidence": 0.685, "area_in_meters": 31.97, "full_plus_code": "8J2W5Q9H+M8R7", "source": "Google Open Buildings v3"}}, {"type": "Feature", "geometry": {"type": "Polygon", "coordinates": [[[78.7784019056565, 30.1692498733374], [78.7784140006504, 30.1693711654251], [78.7783651103376, 30.1693748461511], [78.7783530154019, 30.169253554062], [78.7784019056565, 30.1692498733374]]]}, "properties": {"confidence": 0.7911, "area_in_meters": 63.86, "full_plus_code": "8J2W5Q9H+P9CF", "source": "Google Open Buildings v3"}}, {"type": "Feature", "geometry": {"type": "Polygon", "coordinates": [[[78.7784131882224, 30.1691709787073], [78.7784197667557, 30.1692520316464], [78.7783539017076, 30.1692560676632], [78.7783473232285, 30.1691750147235], [78.7784131882224, 30.1691709787073]]]}, "properties": {"confidence": 0.7875, "area_in_meters": 57.35, "full_plus_code": "8J2W5Q9H+M9JF", "source": "Google Open Buildings v3"}}, {"type": "Feature", "geometry": {"type": "Polygon", "coordinates": [[[78.7784784869979, 30.1692207380092], [78.7784286799566, 30.1692272335181], [78.7784185513069, 30.1691685968286], [78.7784683583189, 30.1691621013221], [78.7784784869979, 30.1692207380092]]]}, "properties": {"confidence": 0.7281, "area_in_meters": 31.92, "full_plus_code": "8J2W5Q9H+M9GM", "source": "Google Open Buildings v3"}}, {"type": "Feature", "geometry": {"type": "Polygon", "coordinates": [[[78.7784128202786, 30.1693768381071], [78.77841688311, 30.1694112461426], [78.7783762060565, 30.1694148723745], [78.7783721432392, 30.1693804643384], [78.7784128202786, 30.1693768381071]]]}, "properties": {"confidence": 0.6947, "area_in_meters": 15.12, "full_plus_code": "8J2W5Q9H+Q92W", "source": "Google Open Buildings v3"}}, {"type": "Feature", "geometry": {"type": "Polygon", "coordinates": [[[78.7784508659409, 30.1694486424497], [78.7783730532878, 30.1694545006112], [78.7783688614184, 30.1694124632017], [78.7784466740385, 30.1694066050415], [78.7784508659409, 30.1694486424497]]]}, "properties": {"confidence": 0.7457, "area_in_meters": 35.23, "full_plus_code": "8J2W5Q9H+Q9F6", "source": "Google Open Buildings v3"}}, {"type": "Feature", "geometry": {"type": "Polygon", "coordinates": [[[78.7782034947212, 30.1695080715549], [78.7782312947272, 30.1695770715528], [78.7781842947301, 30.1695913715563], [78.7781563947241, 30.1695224715584], [78.7782034947212, 30.1695080715549]]]}, "properties": {"confidence": 0.7022, "area_in_meters": 38.95, "full_plus_code": "8J2W5Q9H+R78R", "source": "Google Open Buildings v3"}}, {"type": "Feature", "geometry": {"type": "Polygon", "coordinates": [[[78.7782438783571, 30.1696663037717], [78.7781920716457, 30.1696745081089], [78.7781765149602, 30.1696003436337], [78.7782283216334, 30.1695921393007], [78.7782438783571, 30.1696663037717]]]}, "properties": {"confidence": 0.8114, "area_in_meters": 42.44, "full_plus_code": "8J2W5Q9H+V748", "source": "Google Open Buildings v3"}}, {"type": "Feature", "geometry": {"type": "Polygon", "coordinates": [[[78.7782471974246, 30.1697048225135], [78.778198447314, 30.169708999069], [78.7781948030905, 30.1696768847601], [78.7782435531853, 30.1696727082053], [78.7782471974246, 30.1697048225135]]]}, "properties": {"confidence": 0.6583, "area_in_meters": 16.9, "full_plus_code": "8J2W5Q9H+V7HJ", "source": "Google Open Buildings v3"}}, {"type": "Feature", "geometry": {"type": "Polygon", "coordinates": [[[78.7782492848331, 30.1697785995302], [78.7782216325201, 30.169784174591], [78.77821142191, 30.169745938942], [78.7782390742124, 30.169740363883], [78.7782492848331, 30.1697785995302]]]}, "properties": {"confidence": 0.7604, "area_in_meters": 11.91, "full_plus_code": "8J2W5Q9H+W75F", "source": "Google Open Buildings v3"}}, {"type": "Feature", "geometry": {"type": "Polygon", "coordinates": [[[78.7782558928909, 30.1698083508151], [78.7782650794309, 30.1698524711038], [78.7782197844447, 30.1698595913875], [78.7782105979248, 30.1698154710966], [78.7782558928909, 30.1698083508151]]]}, "properties": {"confidence": 0.7264, "area_in_meters": 22.06, "full_plus_code": "8J2W5Q9H+W7Q8", "source": "Google Open Buildings v3"}}, {"type": "Feature", "geometry": {"type": "Polygon", "coordinates": [[[78.7782469164066, 30.1705679033916], [78.7781617793148, 30.1705776928973], [78.7781497963078, 30.1704990149783], [78.7782349333323, 30.1704892254773], [78.7782469164066, 30.1705679033916]]]}, "properties": {"confidence": 0.8018, "area_in_meters": 72.86, "full_plus_code": "8J2W5QCH+6787", "source": "Google Open Buildings v3"}}, {"type": "Feature", "geometry": {"type": "Polygon", "coordinates": [[[78.77826464774, 30.1707868287441], [78.77827046196, 30.1708300228504], [78.7782309474371, 30.1708340384313], [78.7782251332345, 30.170790844324], [78.77826464774, 30.1707868287441]]]}, "properties": {"confidence": 0.8095, "area_in_meters": 18.49, "full_plus_code": "8J2W5QCH+87HH", "source": "Google Open Buildings v3"}}, {"type": "Feature", "geometry": {"type": "Polygon", "coordinates": [[[78.7786424510037, 30.1711250900666], [78.7786382837397, 30.171151321793], [78.7786140382529, 30.1711484139037], [78.778618205523, 30.1711221821784], [78.7786424510037, 30.1711250900666]]]}, "properties": {"confidence": 0.7238, "area_in_meters": 6.93, "full_plus_code": "8J2W5QCH+FF2C", "source": "Google Open Buildings v3"}}, {"type": "Feature", "geometry": {"type": "Polygon", "coordinates": [[[78.7788711184966, 30.170945965774], [78.7788733546487, 30.1709816515858], [78.7788174675762, 30.1709842954493], [78.7788152314445, 30.1709486096377], [78.7788711184966, 30.170945965774]]]}, "properties": {"confidence": 0.6641, "area_in_meters": 21.38, "full_plus_code": "8J2W5QCH+9GQJ", "source": "Google Open Buildings v3"}}, {"type": "Feature", "geometry": {"type": "Polygon", "coordinates": [[[78.7787089389085, 30.1709110980892], [78.7787071073309, 30.1709357079603], [78.7786791471197, 30.1709341369405], [78.7786809787041, 30.17090952707], [78.7787089389085, 30.1709110980892]]]}, "properties": {"confidence": 0.7098, "area_in_meters": 7.39, "full_plus_code": "8J2W5QCH+9F8R", "source": "Google Open Buildings v3"}}, {"type": "Feature", "geometry": {"type": "Polygon", "coordinates": [[[78.7856403894032, 30.1716675854477], [78.7856308387869, 30.1716950385714], [78.7855880818125, 30.1716838089649], [78.7855976324391, 30.1716563558451], [78.7856403894032, 30.1716675854477]]]}, "properties": {"confidence": 0.7316, "area_in_meters": 13.69, "full_plus_code": "8J2W5QCP+M6H4", "source": "Google Open Buildings v3"}}, {"type": "Feature", "geometry": {"type": "Polygon", "coordinates": [[[78.7786401721249, 30.1709576133205], [78.7786381099201, 30.1709911794036], [78.7785948421738, 30.170989172526], [78.7785969043929, 30.170955606444], [78.7786401721249, 30.1709576133205]]]}, "properties": {"confidence": 0.7661, "area_in_meters": 15.57, "full_plus_code": "8J2W5QCH+9CQX", "source": "Google Open Buildings v3"}}, {"type": "Feature", "geometry": {"type": "Polygon", "coordinates": [[[78.7786793493386, 30.1709033930768], [78.7786119517285, 30.1709046860996], [78.7786102137733, 30.1708362938178], [78.7786776113369, 30.1708350007939], [78.7786793493386, 30.1709033930768]]]}, "properties": {"confidence": 0.8994, "area_in_meters": 49.3, "full_plus_code": "8J2W5QCH+8FRP", "source": "Google Open Buildings v3"}}, {"type": "Feature", "geometry": {"type": "Polygon", "coordinates": [[[78.7787011602378, 30.1708203268589], [78.7786075647915, 30.1708316407141], [78.7785911384267, 30.170729048962], [78.7786847337765, 30.1707177351138], [78.7787011602378, 30.1708203268589]]]}, "properties": {"confidence": 0.7817, "area_in_meters": 104.63, "full_plus_code": "8J2W5QCH+8F2W", "source": "Google Open Buildings v3"}}, {"type": "Feature", "geometry": {"type": "Polygon", "coordinates": [[[78.7785593156051, 30.1700125192028], [78.778509614843, 30.17001419814], [78.7785055793507, 30.1699240077999], [78.7785552800673, 30.1699223288615], [78.7785593156051, 30.1700125192028]]]}, "properties": {"confidence": 0.7996, "area_in_meters": 47.99, "full_plus_code": "8J2W5Q9H+XCMJ", "source": "Google Open Buildings v3"}}, {"type": "Feature", "geometry": {"type": "Polygon", "coordinates": [[[78.7775055566787, 30.1697954099387], [78.7774720280677, 30.1698391306067], [78.7773941335702, 30.1697940312628], [78.7774276621981, 30.1697503106158], [78.7775055566787, 30.1697954099387]]]}, "properties": {"confidence": 0.7485, "area_in_meters": 52.57, "full_plus_code": "8J2W5Q9G+WX8M", "source": "Google Open Buildings v3"}}, {"type": "Feature", "geometry": {"type": "Polygon", "coordinates": [[[78.7834882613615, 30.1757618114472], [78.7834250051389, 30.1757595390138], [78.7834306882145, 30.1756401196323], [78.7834939443612, 30.1756423920591], [78.7834882613615, 30.1757618114472]]]}, "properties": {"confidence": 0.8895, "area_in_meters": 80.88, "full_plus_code": "8J2W5QGM+79P4", "source": "Google Open Buildings v3"}}, {"type": "Feature", "geometry": {"type": "Polygon", "coordinates": [[[78.7851930157699, 30.1720550480689], [78.7851451557572, 30.1720751460269], [78.7851279944048, 30.1720442937718], [78.785175854405, 30.1720241958194], [78.7851930157699, 30.1720550480689]]]}, "properties": {"confidence": 0.7416, "area_in_meters": 19.47, "full_plus_code": "8J2W5QCP+R37R", "source": "Google Open Buildings v3"}}, {"type": "Feature", "geometry": {"type": "Polygon", "coordinates": [[[78.7852484125995, 30.1720517539586], [78.7852211922623, 30.1720343733319], [78.7852583254711, 30.1719904692265], [78.785285545804, 30.1720078498449], [78.7852484125995, 30.1720517539586]]]}, "properties": {"confidence": 0.711, "area_in_meters": 19.67, "full_plus_code": "8J2W5QCP+R42R", "source": "Google Open Buildings v3"}}, {"type": "Feature", "geometry": {"type": "Polygon", "coordinates": [[[78.785247468189, 30.1718808002061], [78.7852359935358, 30.1719051458754], [78.7851993132128, 30.171892094179], [78.7852107878731, 30.1718677485131], [78.785247468189, 30.1718808002061]]]}, "properties": {"confidence": 0.6966, "area_in_meters": 11.15, "full_plus_code": "8J2W5QCP+Q35C", "source": "Google Open Buildings v3"}}, {"type": "Feature", "geometry": {"type": "Polygon", "coordinates": [[[78.7852892097185, 30.1719260780273], [78.7852668528319, 30.1719081920578], [78.7853253778808, 30.1718529644217], [78.7853477347669, 30.1718708503814], [78.7852892097185, 30.1719260780273]]]}, "properties": {"confidence": 0.6955, "area_in_meters": 24.39, "full_plus_code": "8J2W5QCP+Q43H", "source": "Google Open Buildings v3"}}, {"type": "Feature", "geometry": {"type": "Polygon", "coordinates": [[[78.7853209750694, 30.1718352607758], [78.7852734140272, 30.1718934919111], [78.7852152164253, 30.1718576065304], [78.7852627774816, 30.1717993754168], [78.7853209750694, 30.1718352607758]]]}, "properties": {"confidence": 0.8109, "area_in_meters": 54.47, "full_plus_code": "8J2W5QCP+P4JW", "source": "Google Open Buildings v3"}}, {"type": "Feature", "geometry": {"type": "Polygon", "coordinates": [[[78.7854864460094, 30.1718290968222], [78.7853967626648, 30.1719291235074], [78.7853358491215, 30.1718878922947], [78.7854255324848, 30.1717878656518], [78.7854864460094, 30.1718290968222]]]}, "properties": {"confidence": 0.7795, "area_in_meters": 104.66, "full_plus_code": "8J2W5QCP+P5V6", "source": "Google Open Buildings v3"}}, {"type": "Feature", "geometry": {"type": "Polygon", "coordinates": [[[78.7854069980631, 30.1716746787271], [78.7853981742153, 30.1717253636798], [78.7853581393158, 30.1717201018631], [78.7853669631832, 30.171669416914], [78.7854069980631, 30.1716746787271]]]}, "properties": {"confidence": 0.7937, "area_in_meters": 22.19, "full_plus_code": "8J2W5QCP+M5CR", "source": "Google Open Buildings v3"}}, {"type": "Feature", "geometry": {"type": "Polygon", "coordinates": [[[78.7854680007692, 30.1716950255112], [78.7854472231584, 30.1717414379387], [78.7853875742681, 30.1717212783635], [78.7854083519013, 30.1716748659464], [78.7854680007692, 30.1716950255112]]]}, "properties": {"confidence": 0.6971, "area_in_meters": 34.07, "full_plus_code": "8J2W5QCP+M5M8", "source": "Google Open Buildings v3"}}, {"type": "Feature", "geometry": {"type": "Polygon", "coordinates": [[[78.789184501237, 30.1677628128369], [78.7891412022698, 30.1678443213998], [78.7890800718932, 30.1678198034633], [78.7891233708975, 30.1677382949222], [78.789184501237, 30.1677628128369]]]}, "properties": {"confidence": 0.659, "area_in_meters": 64.61, "full_plus_code": "8J2W5Q9Q+4M6J", "source": "Google Open Buildings v3"}}, {"type": "Feature", "geometry": {"type": "Polygon", "coordinates": [[[78.7855708286644, 30.1716800389083], [78.78554033028, 30.1717526585498], [78.7854924506221, 30.1717374778626], [78.7855229490356, 30.1716648582337], [78.7855708286644, 30.1716800389083]]]}, "properties": {"confidence": 0.8137, "area_in_meters": 42.12, "full_plus_code": "8J2W5QCP+M6M6", "source": "Google Open Buildings v3"}}, {"type": "Feature", "geometry": {"type": "Polygon", "coordinates": [[[78.7856297934894, 30.171570476184], [78.7856056810565, 30.1716079856972], [78.7855201394206, 30.1715664715538], [78.7855442518733, 30.1715289620571], [78.7856297934894, 30.171570476184]]]}, "properties": {"confidence": 0.8335, "area_in_meters": 45.0, "full_plus_code": "8J2W5QCP+J6GM", "source": "Google Open Buildings v3"}}, {"type": "Feature", "geometry": {"type": "Polygon", "coordinates": [[[78.7855910918416, 30.1716021365387], [78.785582955334, 30.1716232985015], [78.7855272166187, 30.1716071192789], [78.7855353531366, 30.1715859573202], [78.7855910918416, 30.1716021365387]]]}, "properties": {"confidence": 0.6844, "area_in_meters": 14.02, "full_plus_code": "8J2W5QCP+J6V5", "source": "Google Open Buildings v3"}}, {"type": "Feature", "geometry": {"type": "Polygon", "coordinates": [[[78.7855906578175, 30.1714489626187], [78.7855845372514, 30.1714841201861], [78.7855319189202, 30.171477204583], [78.7855380395039, 30.1714420470188], [78.7855906578175, 30.1714489626187]]]}, "properties": {"confidence": 0.7561, "area_in_meters": 20.23, "full_plus_code": "8J2W5QCP+H6MH", "source": "Google Open Buildings v3"}}, {"type": "Feature", "geometry": {"type": "Polygon", "coordinates": [[[78.7856573089671, 30.1715276728195], [78.7856297934889, 30.1715704761829], [78.7855442518728, 30.171528962056], [78.7855717673737, 30.1714861587113], [78.7856573089671, 30.1715276728195]]]}, "properties": {"confidence": 0.8544, "area_in_meters": 51.35, "full_plus_code": "8J2W5QCP+J692", "source": "Google Open Buildings v3"}}, {"type": "Feature", "geometry": {"type": "Polygon", "coordinates": [[[78.7854371259434, 30.1716152128064], [78.7854127074483, 30.1716785453544], [78.7853557375569, 30.1716619626379], [78.7853801560831, 30.1715986301017], [78.7854371259434, 30.1716152128064]]]}, "properties": {"confidence": 0.7951, "area_in_meters": 42.9, "full_plus_code": "8J2W5QCP+M52G", "source": "Google Open Buildings v3"}}, {"type": "Feature", "geometry": {"type": "Polygon", "coordinates": [[[78.7854501648096, 30.1715473349337], [78.785444411121, 30.1715803847793], [78.7854567722899, 30.1715820094115], [78.7854525647453, 30.1716061780271], [78.785379641145, 30.1715965936382], [78.7853896024153, 30.1715393751837], [78.7854501648096, 30.1715473349337]]]}, "properties": {"confidence": 0.7859, "area_in_meters": 41.16, "full_plus_code": "8J2W5QCP+J5FV", "source": "Google Open Buildings v3"}}, {"type": "Feature", "geometry": {"type": "Polygon", "coordinates": [[[78.7854762947071, 30.1714698710497], [78.7854624947154, 30.1715489710507], [78.7853895947167, 30.1715393710561], [78.7854033947084, 30.1714602710551], [78.7854762947071, 30.1714698710497]]]}, "properties": {"confidence": 0.7951, "area_in_meters": 63.05, "full_plus_code": "8J2W5QCP+J535", "source": "Google Open Buildings v3"}}, {"type": "Feature", "geometry": {"type": "Polygon", "coordinates": [[[78.7852976295728, 30.1717581263327], [78.7852605824984, 30.1717383274776], [78.7852972847694, 30.1716864804372], [78.7853343318333, 30.1717062792812], [78.7852976295728, 30.1717581263327]]]}, "properties": {"confidence": 0.6734, "area_in_meters": 28.3, "full_plus_code": "8J2W5QCP+M4MW", "source": "Google Open Buildings v3"}}, {"type": "Feature", "geometry": {"type": "Polygon", "coordinates": [[[78.7853068529964, 30.1717580839759], [78.7853029194581, 30.1717806784108], [78.785244824572, 30.1717730429117], [78.7852487581231, 30.1717504484794], [78.7853068529964, 30.1717580839759]]]}, "properties": {"confidence": 0.6504, "area_in_meters": 14.35, "full_plus_code": "8J2W5QCP+P42Q", "source": "Google Open Buildings v3"}}, {"type": "Feature", "geometry": {"type": "Polygon", "coordinates": [[[78.7852657054346, 30.1717964070183], [78.7852260310543, 30.171846717487], [78.7851815462889, 30.1718202337192], [78.785221220679, 30.1717699232651], [78.7852657054346, 30.1717964070183]]]}, "properties": {"confidence": 0.6511, "area_in_meters": 35.15, "full_plus_code": "8J2W5QCP+P3H6", "source": "Google Open Buildings v3"}}, {"type": "Feature", "geometry": {"type": "Polygon", "coordinates": [[[78.7850539704902, 30.1715318927244], [78.785050439409, 30.1715608470471], [78.7850170080535, 30.1715577690532], [78.7850205391441, 30.1715288147319], [78.7850539704902, 30.1715318927244]]]}, "properties": {"confidence": 0.7325, "area_in_meters": 10.46, "full_plus_code": "8J2W5QCP+J27J", "source": "Google Open Buildings v3"}}, {"type": "Feature", "geometry": {"type": "Polygon", "coordinates": [[[78.7850034919019, 30.171511960407], [78.7849602101044, 30.171521408354], [78.7849502536027, 30.1714869738251], [78.784993535386, 30.1714775258805], [78.7850034919019, 30.171511960407]]]}, "properties": {"confidence": 0.6916, "area_in_meters": 16.94, "full_plus_code": "8J2W5QCM+HXXV", "source": "Google Open Buildings v3"}}, {"type": "Feature", "geometry": {"type": "Polygon", "coordinates": [[[78.784903060683, 30.1714101510319], [78.7849076055612, 30.1714333878], [78.7848777940502, 30.1714377898004], [78.7848732491787, 30.1714145530317], [78.784903060683, 30.1714101510319]]]}, "properties": {"confidence": 0.697, "area_in_meters": 7.62, "full_plus_code": "8J2W5QCM+HX6V", "source": "Google Open Buildings v3"}}, {"type": "Feature", "geometry": {"type": "Polygon", "coordinates": [[[78.7855277908384, 30.1702955947591], [78.7855147291732, 30.1703250947265], [78.7854637749201, 30.1703080618655], [78.7854768365976, 30.1702785619037], [78.7855277908384, 30.1702955947591]]]}, "properties": {"confidence": 0.6557, "area_in_meters": 18.45, "full_plus_code": "8J2W5QCP+45H5", "source": "Google Open Buildings v3"}}, {"type": "Feature", "geometry": {"type": "Polygon", "coordinates": [[[78.7855577150216, 30.1701232469626], [78.7855274859194, 30.1701905894573], [78.7855244667947, 30.170189566286], [78.7854808652492, 30.1702866988748], [78.7854249994977, 30.1702677661365], [78.7854988302259, 30.1701032910898], [78.7855577150216, 30.1701232469626]]]}, "properties": {"confidence": 0.7781, "area_in_meters": 115.67, "full_plus_code": "8J2W5QCP+35HP", "source": "Google Open Buildings v3"}}, {"type": "Feature", "geometry": {"type": "Polygon", "coordinates": [[[78.7854946440586, 30.1699818843975], [78.7854855631618, 30.1700326033703], [78.7854247582115, 30.1700243841511], [78.7854338391382, 30.169973665184], [78.7854946440586, 30.1699818843975]]]}, "properties": {"confidence": 0.797, "area_in_meters": 33.76, "full_plus_code": "8J2W5QCP+2544", "source": "Google Open Buildings v3"}}, {"type": "Feature", "geometry": {"type": "Polygon", "coordinates": [[[78.7856289319576, 30.1701011659863], [78.785587063656, 30.1700835259944], [78.7856424382701, 30.1699842990053], [78.7856843065422, 30.1700019389775], [78.7856289319576, 30.1701011659863]]]}, "properties": {"confidence": 0.7402, "area_in_meters": 54.85, "full_plus_code": "8J2W5QCP+276M", "source": "Google Open Buildings v3"}}, {"type": "Feature", "geometry": {"type": "Polygon", "coordinates": [[[78.7856225128586, 30.1701166517372], [78.7855973070429, 30.1702007794839], [78.7855512191481, 30.1701903543903], [78.7855764249998, 30.1701062266541], [78.7856225128586, 30.1701166517372]]]}, "properties": {"confidence": 0.7529, "area_in_meters": 44.25, "full_plus_code": "8J2W5QCP+3685", "source": "Google Open Buildings v3"}}, {"type": "Feature", "geometry": {"type": "Polygon", "coordinates": [[[78.785602827191, 30.17020818703], [78.785577037159, 30.170266434361], [78.7855181357263, 30.1702467449571], [78.7855439257862, 30.1701884976389], [78.785602827191, 30.17020818703]]]}, "properties": {"confidence": 0.6685, "area_in_meters": 42.1, "full_plus_code": "8J2W5QCP+36V5", "source": "Google Open Buildings v3"}}, {"type": "Feature", "geometry": {"type": "Polygon", "coordinates": [[[78.7856110488507, 30.1703568140459], [78.785570537249, 30.1704216789744], [78.7855207610126, 30.1703982085488], [78.7855612726351, 30.1703333436367], [78.7856110488507, 30.1703568140459]]]}, "properties": {"confidence": 0.8624, "area_in_meters": 44.68, "full_plus_code": "8J2W5QCP+5642", "source": "Google Open Buildings v3"}}, {"type": "Feature", "geometry": {"type": "Polygon", "coordinates": [[[78.7855147291736, 30.1703250947274], [78.7854939845512, 30.1703719467275], [78.7854013879478, 30.1703409937419], [78.7854221326056, 30.1702941417581], [78.7855147291736, 30.1703250947274]]]}, "properties": {"confidence": 0.7965, "area_in_meters": 53.24, "full_plus_code": "8J2W5QCP+45P8", "source": "Google Open Buildings v3"}}, {"type": "Feature", "geometry": {"type": "Polygon", "coordinates": [[[78.7854939845518, 30.170371946729], [78.7854643194702, 30.1704389456123], [78.7853717228162, 30.1704079926032], [78.7854013879484, 30.1703409937434], [78.7854939845518, 30.170371946729]]]}, "properties": {"confidence": 0.7858, "area_in_meters": 76.13, "full_plus_code": "8J2W5QCP+553H", "source": "Google Open Buildings v3"}}, {"type": "Feature", "geometry": {"type": "Polygon", "coordinates": [[[78.7854810945955, 30.1704610710221], [78.7855123945962, 30.1704782710198], [78.7854770946021, 30.1705265710224], [78.7854161946006, 30.1704929710269], [78.7854873945888, 30.1703955710216], [78.7855169945895, 30.1704119710194], [78.7854810945955, 30.1704610710221]]]}, "properties": {"confidence": 0.7843, "area_in_meters": 65.92, "full_plus_code": "8J2W5QCP+55QJ", "source": "Google Open Buildings v3"}}, {"type": "Feature", "geometry": {"type": "Polygon", "coordinates": [[[78.7855877455804, 30.1704975306674], [78.7855837970033, 30.170519977838], [78.7855531186651, 30.1705159036664], [78.7855570672489, 30.1704934564971], [78.7855877455804, 30.1704975306674]]]}, "properties": {"confidence": 0.6864, "area_in_meters": 7.53, "full_plus_code": "8J2W5QCP+6647", "source": "Google Open Buildings v3"}}, {"type": "Feature", "geometry": {"type": "Polygon", "coordinates": [[[78.7853170934649, 30.1712166718831], [78.7853227729279, 30.1712509800882], [78.7852848101664, 30.1712557245627], [78.785279130716, 30.1712214163566], [78.7853170934649, 30.1712166718831]]]}, "properties": {"confidence": 0.7045, "area_in_meters": 14.21, "full_plus_code": "8J2W5QCP+F4VG", "source": "Google Open Buildings v3"}}, {"type": "Feature", "geometry": {"type": "Polygon", "coordinates": [[[78.7851679046386, 30.1711753481363], [78.7851597149602, 30.1712901367714], [78.7850855771544, 30.1712861434726], [78.7850937669177, 30.1711713548463], [78.7851679046386, 30.1711753481363]]]}, "properties": {"confidence": 0.8221, "area_in_meters": 91.32, "full_plus_code": "8J2W5QCP+F3R6", "source": "Google Open Buildings v3"}}, {"type": "Feature", "geometry": {"type": "Polygon", "coordinates": [[[78.7851597149613, 30.171290136774], [78.7851536181608, 30.17137559084], [78.7850439713056, 30.171369684891], [78.7850500681996, 30.1712842308347], [78.7851597149613, 30.171290136774]]]}, "properties": {"confidence": 0.8122, "area_in_meters": 100.54, "full_plus_code": "8J2W5QCP+G2Q3", "source": "Google Open Buildings v3"}}, {"type": "Feature", "geometry": {"type": "Polygon", "coordinates": [[[78.7851047056656, 30.1713777385984], [78.7851033258287, 30.1714196132214], [78.7850540696392, 30.1714183878683], [78.7850554494968, 30.1713765132469], [78.7851047056656, 30.1713777385984]]]}, "properties": {"confidence": 0.7563, "area_in_meters": 22.07, "full_plus_code": "8J2W5QCP+H24W", "source": "Google Open Buildings v3"}}, {"type": "Feature", "geometry": {"type": "Polygon", "coordinates": [[[78.7852250842052, 30.1712804517165], [78.7852205820449, 30.1713563663639], [78.7851650427441, 30.1713538796898], [78.7851695449464, 30.1712779650463], [78.7852250842052, 30.1712804517165]]]}, "properties": {"confidence": 0.7202, "area_in_meters": 45.19, "full_plus_code": "8J2W5QCP+G3GJ", "source": "Google Open Buildings v3"}}, {"type": "Feature", "geometry": {"type": "Polygon", "coordinates": [[[78.7853630078807, 30.1712548633415], [78.7853661473612, 30.1713197308138], [78.785283239245, 30.1713227601327], [78.7852800998192, 30.1712578926611], [78.7853630078807, 30.1712548633415]]]}, "properties": {"confidence": 0.866, "area_in_meters": 57.59, "full_plus_code": "8J2W5QCP+G48F", "source": "Google Open Buildings v3"}}, {"type": "Feature", "geometry": {"type": "Polygon", "coordinates": [[[78.7855221389721, 30.1713300444382], [78.7854800413065, 30.1714729663693], [78.7854052318284, 30.1714563308418], [78.7854473295918, 30.1713134089393], [78.7855221389721, 30.1713300444382]]]}, "properties": {"confidence": 0.7559, "area_in_meters": 121.77, "full_plus_code": "8J2W5QCP+H54Q", "source": "Google Open Buildings v3"}}, {"type": "Feature", "geometry": {"type": "Polygon", "coordinates": [[[78.7854163918607, 30.1713241947526], [78.7853699951185, 30.1713234112286], [78.78537152937, 30.1712548231231], [78.78541792608, 30.1712556066452], [78.7854163918607, 30.1713241947526]]]}, "properties": {"confidence": 0.682, "area_in_meters": 34.03, "full_plus_code": "8J2W5QCP+G56G", "source": "Google Open Buildings v3"}}, {"type": "Feature", "geometry": {"type": "Polygon", "coordinates": [[[78.7855588358847, 30.1712006866991], [78.7855185806195, 30.1713368538463], [78.7854391537241, 30.1713191266534], [78.7854794090882, 30.1711829595352], [78.7855588358847, 30.1712006866991]]]}, "properties": {"confidence": 0.7506, "area_in_meters": 123.24, "full_plus_code": "8J2W5QCP+G559", "source": "Google Open Buildings v3"}}, {"type": "Feature", "geometry": {"type": "Polygon", "coordinates": [[[78.7856994955302, 30.1711974112407], [78.7856973807538, 30.171248368152], [78.7856064388938, 30.171245518762], [78.7856085537167, 30.1711945618547], [78.7856994955302, 30.1711974112407]]]}, "properties": {"confidence": 0.7014, "area_in_meters": 49.6, "full_plus_code": "8J2W5QCP+F7JX", "source": "Google Open Buildings v3"}}, {"type": "Feature", "geometry": {"type": "Polygon", "coordinates": [[[78.7856474390724, 30.1712810855592], [78.7856324731545, 30.1713317093194], [78.7855692202836, 30.17131759205], [78.7855841862307, 30.1712669682984], [78.7856474390724, 30.1712810855592]]]}, "properties": {"confidence": 0.7558, "area_in_meters": 36.49, "full_plus_code": "8J2W5QCP+G69V", "source": "Google Open Buildings v3"}}, {"type": "Feature", "geometry": {"type": "Polygon", "coordinates": [[[78.7856451717291, 30.1713696131139], [78.7856180710371, 30.1714497244124], [78.7855447280131, 30.171430993193], [78.7855718287573, 30.1713508819125], [78.7856451717291, 30.1713696131139]]]}, "properties": {"confidence": 0.8214, "area_in_meters": 68.23, "full_plus_code": "8J2W5QCP+H692", "source": "Google Open Buildings v3"}}, {"type": "Feature", "geometry": {"type": "Polygon", "coordinates": [[[78.7855688169103, 30.1713379215981], [78.7855444202009, 30.1714163535611], [78.7855002341633, 30.1714059772268], [78.7855247078239, 30.1713272979873], [78.7855688169103, 30.1713379215981]]]}, "properties": {"confidence": 0.7044, "area_in_meters": 39.81, "full_plus_code": "8J2W5QCP+G6VR", "source": "Google Open Buildings v3"}}, {"type": "Feature", "geometry": {"type": "Polygon", "coordinates": [[[78.7856790594025, 30.1714605811458], [78.7856271823604, 30.1714537630074], [78.7856461483578, 30.17134481868], [78.7856980253451, 30.1713516368082], [78.7856790594025, 30.1714605811458]]]}, "properties": {"confidence": 0.6725, "area_in_meters": 61.8, "full_plus_code": "8J2W5QCP+H772", "source": "Google Open Buildings v3"}}, {"type": "Feature", "geometry": {"type": "Polygon", "coordinates": [[[78.7857534986673, 30.1714322604932], [78.7857360346111, 30.1714714820742], [78.7856937118551, 30.1714572550551], [78.785711175925, 30.1714180334805], [78.7857534986673, 30.1714322604932]]]}, "properties": {"confidence": 0.811, "area_in_meters": 20.4, "full_plus_code": "8J2W5QCP+H7HJ", "source": "Google Open Buildings v3"}}, {"type": "Feature", "geometry": {"type": "Polygon", "coordinates": [[[78.7857857422551, 30.1713309857122], [78.7857710865832, 30.1714195250387], [78.7857110583036, 30.1714120235637], [78.7857257140272, 30.1713234842467], [78.7857857422551, 30.1713309857122]]]}, "properties": {"confidence": 0.7739, "area_in_meters": 57.99, "full_plus_code": "8J2W5QCP+G7XX", "source": "Google Open Buildings v3"}}, {"type": "Feature", "geometry": {"type": "Polygon", "coordinates": [[[78.7857894364972, 30.1712312627462], [78.7857878230792, 30.1713034036436], [78.785744223158, 30.1713026674753], [78.7857458366077, 30.1712305265801], [78.7857894364972, 30.1712312627462]]]}, "properties": {"confidence": 0.6696, "area_in_meters": 33.63, "full_plus_code": "8J2W5QCP+G82P", "source": "Google Open Buildings v3"}}, {"type": "Feature", "geometry": {"type": "Polygon", "coordinates": [[[78.7858158086253, 30.1712078020088], [78.785819403945, 30.1712298218202], [78.7857904273187, 30.1712333936688], [78.7857868320054, 30.1712113738568], [78.7858158086253, 30.1712078020088]]]}, "properties": {"confidence": 0.659, "area_in_meters": 6.96, "full_plus_code": "8J2W5QCP+F8MW", "source": "Google Open Buildings v3"}}, {"type": "Feature", "geometry": {"type": "Polygon", "coordinates": [[[78.7861684034077, 30.1713524396246], [78.7861804987717, 30.1713982638687], [78.7861393389876, 30.1714064658098], [78.7861272436424, 30.1713606415628], [78.7861684034077, 30.1713524396246]]]}, "properties": {"confidence": 0.7402, "area_in_meters": 21.22, "full_plus_code": "8J2W5QCP+HF25", "source": "Google Open Buildings v3"}}, {"type": "Feature", "geometry": {"type": "Polygon", "coordinates": [[[78.7863000870097, 30.1708025845664], [78.7862529404692, 30.1709448458541], [78.7861786887401, 30.1709262680182], [78.7862258353747, 30.1707840067619], [78.7863000870097, 30.1708025845664]]]}, "properties": {"confidence": 0.8339, "area_in_meters": 122.28, "full_plus_code": "8J2W5QCP+8FXG", "source": "Google Open Buildings v3"}}, {"type": "Feature", "geometry": {"type": "Polygon", "coordinates": [[[78.7884321942432, 30.1689371058873], [78.7884134268658, 30.1689639278079], [78.7883822093713, 30.1689474365467], [78.7884009767533, 30.168920614631], [78.7884321942432, 30.1689371058873]]]}, "properties": {"confidence": 0.7244, "area_in_meters": 12.26, "full_plus_code": "8J2W5Q9Q+H9FJ", "source": "Google Open Buildings v3"}}, {"type": "Feature", "geometry": {"type": "Polygon", "coordinates": [[[78.7858031763604, 30.1698674138657], [78.7857678004707, 30.1699419114994], [78.7856857664554, 30.1699125016474], [78.7857211423936, 30.1698380040381], [78.7858031763604, 30.1698674138657]]]}, "properties": {"confidence": 0.6692, "area_in_meters": 76.45, "full_plus_code": "8J2W5Q9P+X75H", "source": "Google Open Buildings v3"}}, {"type": "Feature", "geometry": {"type": "Polygon", "coordinates": [[[78.7893389950313, 30.1655894256642], [78.789312987198, 30.1656310189915], [78.7892612034967, 30.165606570866], [78.789287211344, 30.1655649775496], [78.7893389950313, 30.1655894256642]]]}, "properties": {"confidence": 0.7058, "area_in_meters": 29.82, "full_plus_code": "8J2W5Q8Q+6PMW", "source": "Google Open Buildings v3"}}, {"type": "Feature", "geometry": {"type": "Polygon", "coordinates": [[[78.78926873615, 30.167786747736], [78.7892220956621, 30.1678696969811], [78.7891464378875, 30.1678375783809], [78.7891930784201, 30.1677546291648], [78.78926873615, 30.167786747736]]]}, "properties": {"confidence": 0.8308, "area_in_meters": 83.1, "full_plus_code": "8J2W5Q9Q+4MGG", "source": "Google Open Buildings v3"}}, {"type": "Feature", "geometry": {"type": "Polygon", "coordinates": [[[78.7891485699062, 30.167991492201], [78.7890765355459, 30.1679543442353], [78.789107098542, 30.1679095985423], [78.7891278691674, 30.1679203099137], [78.7891661072751, 30.1678643274017], [78.7892173709744, 30.1678907639625], [78.7891485699062, 30.167991492201]]]}, "properties": {"confidence": 0.8107, "area_in_meters": 88.08, "full_plus_code": "8J2W5Q9Q+5MC5", "source": "Google Open Buildings v3"}}, {"type": "Feature", "geometry": {"type": "Polygon", "coordinates": [[[78.7892194765274, 30.1664625267407], [78.7892153188599, 30.1664863463546], [78.7891662711774, 30.1664798824024], [78.7891704288559, 30.1664560627906], [78.7892194765274, 30.1664625267407]]]}, "properties": {"confidence": 0.6994, "area_in_meters": 12.78, "full_plus_code": "8J2W5Q8Q+HMPR", "source": "Google Open Buildings v3"}}, {"type": "Feature", "geometry": {"type": "Polygon", "coordinates": [[[78.7892153188602, 30.1664863463554], [78.7892084600452, 30.1665256410308], [78.7891594123449, 30.1665191770753], [78.7891662711777, 30.1664798824033], [78.7892153188602, 30.1664863463554]]]}, "properties": {"confidence": 0.7416, "area_in_meters": 21.08, "full_plus_code": "8J2W5Q8Q+JM35", "source": "Google Open Buildings v3"}}, {"type": "Feature", "geometry": {"type": "Polygon", "coordinates": [[[78.7853380220591, 30.1717701515832], [78.7853604024261, 30.1717827111376], [78.785326700079, 30.1718280499044], [78.7852731426094, 30.1717979941703], [78.7853351624047, 30.1717145607984], [78.7853663394888, 30.1717320569563], [78.7853380220591, 30.1717701515832]]]}, "properties": {"confidence": 0.713, "area_in_meters": 54.77, "full_plus_code": "8J2W5QCP+P44V", "source": "Google Open Buildings v3"}}, {"type": "Feature", "geometry": {"type": "Polygon", "coordinates": [[[78.7892327493274, 30.1662241008802], [78.7892200917615, 30.1662712513647], [78.7891510235892, 30.1662572519901], [78.7891636811858, 30.1662101015132], [78.7892327493274, 30.1662241008802]]]}, "properties": {"confidence": 0.7159, "area_in_meters": 36.71, "full_plus_code": "8J2W5Q8Q+FMWJ", "source": "Google Open Buildings v3"}}, {"type": "Feature", "geometry": {"type": "Polygon", "coordinates": [[[78.7892895792654, 30.1662808813555], [78.7892642818991, 30.1662651607068], [78.7892916023327, 30.1662319668041], [78.7893168996956, 30.1662476874472], [78.7892895792654, 30.1662808813555]]]}, "properties": {"confidence": 0.6583, "area_in_meters": 13.57, "full_plus_code": "8J2W5Q8Q+GP37", "source": "Google Open Buildings v3"}}, {"type": "Feature", "geometry": {"type": "Polygon", "coordinates": [[[78.7892822569964, 30.166144752528], [78.7892356372397, 30.1662136262972], [78.7891865828118, 30.1661885558961], [78.789233202591, 30.1661196821464], [78.7892822569964, 30.166144752528]]]}, "properties": {"confidence": 0.7235, "area_in_meters": 48.61, "full_plus_code": "8J2W5Q8Q+FM9P", "source": "Google Open Buildings v3"}}, {"type": "Feature", "geometry": {"type": "Polygon", "coordinates": [[[78.7893015186496, 30.1660874861599], [78.7892597756958, 30.1661287657195], [78.7892365395782, 30.1661110246792], [78.7892782825336, 30.1660697451264], [78.7893015186496, 30.1660874861599]]]}, "properties": {"confidence": 0.6695, "area_in_meters": 18.17, "full_plus_code": "8J2W5Q8Q+CPJW", "source": "Google Open Buildings v3"}}, {"type": "Feature", "geometry": {"type": "Polygon", "coordinates": [[[78.7892410540128, 30.166123663331], [78.7891633753545, 30.166186218874], [78.7891016360606, 30.1661283340259], [78.7891793147077, 30.1660657785186], [78.7892410540128, 30.166123663331]]]}, "properties": {"confidence": 0.8247, "area_in_meters": 89.35, "full_plus_code": "8J2W5Q8Q+FM33", "source": "Google Open Buildings v3"}}, {"type": "Feature", "geometry": {"type": "Polygon", "coordinates": [[[78.7893441842374, 30.1654808381399], [78.789317716373, 30.165521042619], [78.789276843742, 30.1655007260703], [78.7893033116166, 30.1654605215998], [78.7893441842374, 30.1654808381399]]]}, "properties": {"confidence": 0.7121, "area_in_meters": 23.31, "full_plus_code": "8J2W5Q8Q+5PVQ", "source": "Google Open Buildings v3"}}, {"type": "Feature", "geometry": {"type": "Polygon", "coordinates": [[[78.7893487952228, 30.1655528951386], [78.7893343353695, 30.1655819069086], [78.7892835173685, 30.165562782871], [78.7892979772336, 30.1655337711072], [78.7893487952228, 30.1655528951386]]]}, "properties": {"confidence": 0.6666, "area_in_meters": 18.72, "full_plus_code": "8J2W5Q8Q+6PG6", "source": "Google Open Buildings v3"}}, {"type": "Feature", "geometry": {"type": "Polygon", "coordinates": [[[78.7891819360564, 30.1657333398731], [78.7891528225854, 30.1657195947974], [78.7892050697301, 30.1656360382662], [78.7892341831874, 30.1656497833315], [78.7891819360564, 30.1657333398731]]]}, "properties": {"confidence": 0.6854, "area_in_meters": 33.68, "full_plus_code": "8J2W5Q8Q+7MG6", "source": "Google Open Buildings v3"}}, {"type": "Feature", "geometry": {"type": "Polygon", "coordinates": [[[78.7893072693448, 30.1656362112341], [78.7892748264037, 30.1657013035178], [78.7892238315452, 30.1656825341971], [78.7892562745128, 30.1656174419275], [78.7893072693448, 30.1656362112341]]]}, "properties": {"confidence": 0.6628, "area_in_meters": 41.99, "full_plus_code": "8J2W5Q8Q+7P67", "source": "Google Open Buildings v3"}}, {"type": "Feature", "geometry": {"type": "Polygon", "coordinates": [[[78.789339690559, 30.1659003144772], [78.7893052202115, 30.1659417792591], [78.7892654998773, 30.1659168477644], [78.7892999702316, 30.1658753829932], [78.789339690559, 30.1659003144772]]]}, "properties": {"confidence": 0.7471, "area_in_meters": 26.79, "full_plus_code": "8J2W5Q8Q+9P78", "source": "Google Open Buildings v3"}}, {"type": "Feature", "geometry": {"type": "Polygon", "coordinates": [[[78.7894369891521, 30.1660397394148], [78.7894058794457, 30.1660354770746], [78.7894195420572, 30.1659601849796], [78.7894506517403, 30.1659644473157], [78.7894369891521, 30.1660397394148]]]}, "properties": {"confidence": 0.6667, "area_in_meters": 25.66, "full_plus_code": "8J2W5Q8Q+9QVW", "source": "Google Open Buildings v3"}}, {"type": "Feature", "geometry": {"type": "Polygon", "coordinates": [[[78.7895137953823, 30.166016642069], [78.7894862638551, 30.1660626035547], [78.7894260114535, 30.1660353527832], [78.7894535429993, 30.1659893913109], [78.7895137953823, 30.166016642069]]]}, "properties": {"confidence": 0.7316, "area_in_meters": 37.62, "full_plus_code": "8J2W5Q8Q+CQ92", "source": "Google Open Buildings v3"}}, {"type": "Feature", "geometry": {"type": "Polygon", "coordinates": [[[78.7895117243425, 30.1659419953834], [78.7894793319408, 30.165924471207], [78.78954806042, 30.165828550699], [78.7895804528047, 30.165846074858], [78.7895117243425, 30.1659419953834]]]}, "properties": {"confidence": 0.7162, "area_in_meters": 46.09, "full_plus_code": "8J2W5Q8Q+9R2H", "source": "Google Open Buildings v3"}}, {"type": "Feature", "geometry": {"type": "Polygon", "coordinates": [[[78.7895718766707, 30.1659745375483], [78.7895472625501, 30.1660088900897], [78.7894433393135, 30.1659526680034], [78.7894679534531, 30.1659183154831], [78.7895718766707, 30.1659745375483]]]}, "properties": {"confidence": 0.7543, "area_in_meters": 52.96, "full_plus_code": "8J2W5Q8Q+9RJC", "source": "Google Open Buildings v3"}}, {"type": "Feature", "geometry": {"type": "Polygon", "coordinates": [[[78.7895642172331, 30.1659736755104], [78.789506739494, 30.1659405977458], [78.7895809979888, 30.1658431709062], [78.7896384757001, 30.1658762486374], [78.7895642172331, 30.1659736755104]]]}, "properties": {"confidence": 0.8486, "area_in_meters": 86.12, "full_plus_code": "8J2W5Q8Q+9R87", "source": "Google Open Buildings v3"}}, {"type": "Feature", "geometry": {"type": "Polygon", "coordinates": [[[78.7896592856396, 30.1658489460153], [78.7896384756993, 30.1658762486355], [78.7895508990052, 30.1658258492834], [78.7895717089578, 30.1657985466782], [78.7896592856396, 30.1658489460153]]]}, "properties": {"confidence": 0.6579, "area_in_meters": 36.77, "full_plus_code": "8J2W5Q8Q+8RQF", "source": "Google Open Buildings v3"}}, {"type": "Feature", "geometry": {"type": "Polygon", "coordinates": [[[78.7896976024504, 30.1657518637622], [78.7896770192901, 30.1657886969057], [78.7896400161961, 30.1657730840707], [78.7896605993663, 30.1657362509335], [78.7896976024504, 30.1657518637622]]]}, "properties": {"confidence": 0.6975, "area_in_meters": 18.0, "full_plus_code": "8J2W5Q8Q+8V3F", "source": "Google Open Buildings v3"}}, {"type": "Feature", "geometry": {"type": "Polygon", "coordinates": [[[78.7897346322079, 30.16567160754], [78.7897130638698, 30.1657093739314], [78.7896717836548, 30.1656915737536], [78.7896933520041, 30.1656538073692], [78.7897346322079, 30.16567160754]]]}, "properties": {"confidence": 0.6591, "area_in_meters": 20.77, "full_plus_code": "8J2W5Q8Q+7VG8", "source": "Google Open Buildings v3"}}, {"type": "Feature", "geometry": {"type": "Polygon", "coordinates": [[[78.789947232912, 30.1655610828886], [78.7899424534842, 30.1655996723949], [78.7899094079826, 30.1655965821589], [78.789914187424, 30.1655579926544], [78.789947232912, 30.1655610828886]]]}, "properties": {"confidence": 0.6847, "area_in_meters": 13.79, "full_plus_code": "8J2W5Q8Q+6XM4", "source": "Google Open Buildings v3"}}, {"type": "Feature", "geometry": {"type": "Polygon", "coordinates": [[[78.7891601508744, 30.166204085359], [78.7891477399542, 30.1662419746155], [78.7891201757846, 30.166235157522], [78.7891325867143, 30.1661972682686], [78.7891601508744, 30.166204085359]]]}, "properties": {"confidence": 0.682, "area_in_meters": 12.07, "full_plus_code": "8J2W5Q8Q+FMJM", "source": "Google Open Buildings v3"}}, {"type": "Feature", "geometry": {"type": "Polygon", "coordinates": [[[78.7900846656292, 30.1658306074816], [78.7900381635778, 30.1658767765357], [78.7899748515242, 30.1658286286261], [78.79002135358, 30.1657824595946], [78.7900846656292, 30.1658306074816]]]}, "properties": {"confidence": 0.7813, "area_in_meters": 55.18, "full_plus_code": "8J2W5Q8R+82J5", "source": "Google Open Buildings v3"}}, {"type": "Feature", "geometry": {"type": "Polygon", "coordinates": [[[78.7899171250388, 30.1656791385973], [78.789892745873, 30.165727273393], [78.7898409228125, 30.1657074556629], [78.7898653019976, 30.1656593208773], [78.7899171250388, 30.1656791385973]]]}, "properties": {"confidence": 0.6534, "area_in_meters": 31.83, "full_plus_code": "8J2W5Q8Q+7XCJ", "source": "Google Open Buildings v3"}}, {"type": "Feature", "geometry": {"type": "Polygon", "coordinates": [[[78.7899109312364, 30.1657519673739], [78.7898369163168, 30.1658184505816], [78.7897716957684, 30.1657636276381], [78.7898457106861, 30.1656971444668], [78.7899109312364, 30.1657519673739]]]}, "properties": {"confidence": 0.8306, "area_in_meters": 89.73, "full_plus_code": "8J2W5Q8Q+8W49", "source": "Google Open Buildings v3"}}, {"type": "Feature", "geometry": {"type": "Polygon", "coordinates": [[[78.7899541759314, 30.1659346519399], [78.7898876052693, 30.1660007456445], [78.7898064781807, 30.1659390495467], [78.7898730488499, 30.1658729558835], [78.7899541759314, 30.1659346519399]]]}, "properties": {"confidence": 0.8659, "area_in_meters": 101.22, "full_plus_code": "8J2W5Q8Q+9XCC", "source": "Google Open Buildings v3"}}, {"type": "Feature", "geometry": {"type": "Polygon", "coordinates": [[[78.789667093996, 30.1662178705923], [78.7896559939962, 30.1662167705931], [78.7896459940038, 30.1662902705939], [78.7896117940045, 30.1662867705964], [78.7896028940113, 30.1663524705971], [78.7895283940129, 30.1663447706026], [78.789533494009, 30.1663073706022], [78.7894995940097, 30.1663038706047], [78.7895066940044, 30.1662523706042], [78.7895937940026, 30.1662612705977], [78.7896066939928, 30.1661664705968], [78.7896731939914, 30.1661733705918], [78.789667093996, 30.1662178705923]]]}, "properties": {"confidence": 0.7127, "area_in_meters": 161.64, "full_plus_code": "8J2W5Q8Q+GR4Q", "source": "Google Open Buildings v3"}}, {"type": "Feature", "geometry": {"type": "Polygon", "coordinates": [[[78.7893832100183, 30.1662888948958], [78.7893558895965, 30.1663220888179], [78.7892895792657, 30.1662808813561], [78.7893168996959, 30.1662476874479], [78.7893832100183, 30.1662888948958]]]}, "properties": {"confidence": 0.7938, "area_in_meters": 35.56, "full_plus_code": "8J2W5Q8Q+GP89", "source": "Google Open Buildings v3"}}, {"type": "Feature", "geometry": {"type": "Polygon", "coordinates": [[[78.7894333400416, 30.1662834631144], [78.7894134185532, 30.1663076674655], [78.7893168996956, 30.1662476874473], [78.7893368211934, 30.1662234831112], [78.7894333400416, 30.1662834631144]]]}, "properties": {"confidence": 0.8037, "area_in_meters": 37.75, "full_plus_code": "8J2W5Q8Q+GQ2J", "source": "Google Open Buildings v3"}}, {"type": "Feature", "geometry": {"type": "Polygon", "coordinates": [[[78.7894294607019, 30.1664883602133], [78.7893118437296, 30.1665128712846], [78.7892929276027, 30.166444337477], [78.7893346020492, 30.1664356526431], [78.789328626847, 30.1664140042866], [78.7894045692777, 30.1663981780646], [78.7894294607019, 30.1664883602133]]]}, "properties": {"confidence": 0.8132, "area_in_meters": 109.71, "full_plus_code": "8J2W5Q8Q+HPQ8", "source": "Google Open Buildings v3"}}, {"type": "Feature", "geometry": {"type": "Polygon", "coordinates": [[[78.790278263845, 30.1660863925549], [78.7902481876782, 30.1660690747938], [78.7902753323475, 30.1660334802935], [78.7903054085089, 30.1660507980484], [78.790278263845, 30.1660863925549]]]}, "properties": {"confidence": 0.6673, "area_in_meters": 16.47, "full_plus_code": "8J2W5Q8R+C4C9", "source": "Google Open Buildings v3"}}, {"type": "Feature", "geometry": {"type": "Polygon", "coordinates": [[[78.7903905351901, 30.1660257967321], [78.7903763433717, 30.1660530176657], [78.7903498731359, 30.1660425978308], [78.7903640649598, 30.1660153769003], [78.7903905351901, 30.1660257967321]]]}, "properties": {"confidence": 0.6832, "area_in_meters": 9.28, "full_plus_code": "8J2W5Q8R+C499", "source": "Google Open Buildings v3"}}, {"type": "Feature", "geometry": {"type": "Polygon", "coordinates": [[[78.7902557992444, 30.1658778792095], [78.7902311146322, 30.1658985124169], [78.7902007666112, 30.1658710992422], [78.7902254512221, 30.1658504660403], [78.7902557992444, 30.1658778792095]]]}, "properties": {"confidence": 0.7343, "area_in_meters": 13.93, "full_plus_code": "8J2W5Q8R+83XV", "source": "Google Open Buildings v3"}}, {"type": "Feature", "geometry": {"type": "Polygon", "coordinates": [[[78.7902707303932, 30.1658235452673], [78.7902866069783, 30.165863927439], [78.7902532151866, 30.1658738397851], [78.7902373386147, 30.1658334576101], [78.7902707303932, 30.1658235452673]]]}, "properties": {"confidence": 0.7682, "area_in_meters": 16.1, "full_plus_code": "8J2W5Q8R+84JV", "source": "Google Open Buildings v3"}}, {"type": "Feature", "geometry": {"type": "Polygon", "coordinates": [[[78.790147867816, 30.1656270548851], [78.7901338531699, 30.165656381737], [78.7900968879444, 30.1656430440148], [78.7901109025996, 30.1656137171672], [78.790147867816, 30.1656270548851]]]}, "properties": {"confidence": 0.6964, "area_in_meters": 13.59, "full_plus_code": "8J2W5Q8R+725H", "source": "Google Open Buildings v3"}}, {"type": "Feature", "geometry": {"type": "Polygon", "coordinates": [[[78.7904578938932, 30.1655117705134], [78.7904541939043, 30.1656222705137], [78.7904050939057, 30.1656210705174], [78.7904088938946, 30.1655104705171], [78.7904578938932, 30.1655117705134]]]}, "properties": {"confidence": 0.7349, "area_in_meters": 58.02, "full_plus_code": "8J2W5Q8R+65FQ", "source": "Google Open Buildings v3"}}, {"type": "Feature", "geometry": {"type": "Polygon", "coordinates": [[[78.7886898243543, 30.1728221925276], [78.7886700549858, 30.1728570838685], [78.7886329465554, 30.1728412110059], [78.7886527159329, 30.1728063196709], [78.7886898243543, 30.1728221925276]]]}, "properties": {"confidence": 0.8012, "area_in_meters": 17.19, "full_plus_code": "8J2W5QFQ+4FM6", "source": "Google Open Buildings v3"}}, {"type": "Feature", "geometry": {"type": "Polygon", "coordinates": [[[78.7887496005125, 30.1729991216843], [78.7887237205193, 30.1730279463579], [78.7886297898429, 30.1729642794889], [78.7886556698438, 30.1729354548338], [78.7887496005125, 30.1729991216843]]]}, "properties": {"confidence": 0.6952, "area_in_meters": 46.55, "full_plus_code": "8J2W5QFQ+5FW6", "source": "Google Open Buildings v3"}}, {"type": "Feature", "geometry": {"type": "Polygon", "coordinates": [[[78.7886241923792, 30.1726703784699], [78.7886132544123, 30.1727726565398], [78.7886461059626, 30.17277530881], [78.7886414683477, 30.1728186739929], [78.7886166689441, 30.1728166718132], [78.7886187979077, 30.1727967644647], [78.7885603783909, 30.1727920479463], [78.788573825085, 30.1726663120527], [78.7886241923792, 30.1726703784699]]]}, "properties": {"confidence": 0.8306, "area_in_meters": 81.91, "full_plus_code": "8J2W5QFQ+3CXJ", "source": "Google Open Buildings v3"}}, {"type": "Feature", "geometry": {"type": "Polygon", "coordinates": [[[78.7872295607012, 30.1724910996576], [78.7872026767617, 30.1725225261905], [78.7871356396416, 30.1724792327163], [78.7871625235887, 30.1724478061971], [78.7872295607012, 30.1724910996576]]]}, "properties": {"confidence": 0.6517, "area_in_meters": 34.96, "full_plus_code": "8J2W5QCP+XVVH", "source": "Google Open Buildings v3"}}, {"type": "Feature", "geometry": {"type": "Polygon", "coordinates": [[[78.7870949939736, 30.1721533896807], [78.78703746468, 30.1721597365236], [78.7870608152461, 30.1721120560701], [78.7870885072044, 30.1721090009874], [78.7870949939736, 30.1721533896807]]]}, "properties": {"confidence": 0.7558, "area_in_meters": 20.54, "full_plus_code": "8J2W5QCP+VR4C", "source": "Google Open Buildings v3"}}, {"type": "Feature", "geometry": {"type": "Polygon", "coordinates": [[[78.7861431063456, 30.1715166073753], [78.7860969352885, 30.1715902288909], [78.7860279694847, 30.171557576269], [78.7860741405745, 30.1714839547791], [78.7861431063456, 30.1715166073753]]]}, "properties": {"confidence": 0.7856, "area_in_meters": 70.39, "full_plus_code": "8J2W5QCP+JC8G", "source": "Google Open Buildings v3"}}, {"type": "Feature", "geometry": {"type": "Polygon", "coordinates": [[[78.7860681441384, 30.1715675140115], [78.7860512435404, 30.1716031968327], [78.7860138331339, 30.1715898199774], [78.7860307337424, 30.1715541371614], [78.7860681441384, 30.1715675140115]]]}, "properties": {"confidence": 0.77, "area_in_meters": 16.69, "full_plus_code": "8J2W5QCP+JCM3", "source": "Google Open Buildings v3"}}, {"type": "Feature", "geometry": {"type": "Polygon", "coordinates": [[[78.7857415838603, 30.1716745329168], [78.7856828554931, 30.1716622945795], [78.7857068161527, 30.1715754901368], [78.7857655444713, 30.1715877284611], [78.7857415838603, 30.1716745329168]]]}, "properties": {"confidence": 0.7599, "area_in_meters": 57.63, "full_plus_code": "8J2W5QCP+M752", "source": "Google Open Buildings v3"}}, {"type": "Feature", "geometry": {"type": "Polygon", "coordinates": [[[78.7858530150433, 30.1716393870754], [78.785816802451, 30.171618917266], [78.7858635473734, 30.1715564865066], [78.7858997599548, 30.1715769563018], [78.7858530150433, 30.1716393870754]]]}, "properties": {"confidence": 0.8103, "area_in_meters": 34.39, "full_plus_code": "8J2W5QCP+J8QV", "source": "Google Open Buildings v3"}}, {"type": "Feature", "geometry": {"type": "Polygon", "coordinates": [[[78.7858694421266, 30.1715497166423], [78.7858235716621, 30.1716142241177], [78.7857813761255, 30.17159157202], [78.7858272466039, 30.1715270645611], [78.7858694421266, 30.1715497166423]]]}, "properties": {"confidence": 0.8505, "area_in_meters": 40.2, "full_plus_code": "8J2W5QCP+J8GV", "source": "Google Open Buildings v3"}}, {"type": "Feature", "geometry": {"type": "Polygon", "coordinates": [[[78.7857441541984, 30.1716777134997], [78.78574052438, 30.1717784464179], [78.7856923006094, 30.1717771345346], [78.7856959304766, 30.1716764016201], [78.7857441541984, 30.1716777134997]]]}, "properties": {"confidence": 0.7339, "area_in_meters": 51.98, "full_plus_code": "8J2W5QCP+M7W5", "source": "Google Open Buildings v3"}}, {"type": "Feature", "geometry": {"type": "Polygon", "coordinates": [[[78.7857405243808, 30.1717784464197], [78.7857392248675, 30.1718145097724], [78.7856910010793, 30.171813197888], [78.7856923006101, 30.1717771345364], [78.7857405243808, 30.1717784464197]]]}, "properties": {"confidence": 0.8075, "area_in_meters": 18.61, "full_plus_code": "8J2W5QCP+P78X", "source": "Google Open Buildings v3"}}, {"type": "Feature", "geometry": {"type": "Polygon", "coordinates": [[[78.7858207442081, 30.1717884627715], [78.785782013257, 30.1717695908821], [78.7858167388999, 30.1717157874489], [78.7858554698385, 30.1717346593283], [78.7858207442081, 30.1717884627715]]]}, "properties": {"confidence": 0.7592, "area_in_meters": 29.28, "full_plus_code": "8J2W5QCP+P842", "source": "Google Open Buildings v3"}}, {"type": "Feature", "geometry": {"type": "Polygon", "coordinates": [[[78.7860775531122, 30.1716634941398], [78.7860720841384, 30.1716888459026], [78.7860420356819, 30.1716839521969], [78.7860475046629, 30.1716586004357], [78.7860775531122, 30.1716634941398]]]}, "properties": {"confidence": 0.6934, "area_in_meters": 8.43, "full_plus_code": "8J2W5QCP+MC7X", "source": "Google Open Buildings v3"}}, {"type": "Feature", "geometry": {"type": "Polygon", "coordinates": [[[78.7857774704557, 30.1718689038917], [78.785754731115, 30.1718835855122], [78.7857364217792, 30.1718621767028], [78.7857591611177, 30.171847495085], [78.7857774704557, 30.1718689038917]]]}, "properties": {"confidence": 0.6559, "area_in_meters": 8.08, "full_plus_code": "8J2W5QCP+P8RJ", "source": "Google Open Buildings v3"}}, {"type": "Feature", "geometry": {"type": "Polygon", "coordinates": [[[78.7868813195697, 30.1723670776335], [78.7868542308522, 30.1723511186267], [78.7868874999596, 30.1723084866502], [78.7869145886714, 30.1723244456503], [78.7868813195697, 30.1723670776335]]]}, "properties": {"confidence": 0.6785, "area_in_meters": 18.02, "full_plus_code": "8J2W5QCP+WQJF", "source": "Google Open Buildings v3"}}, {"type": "Feature", "geometry": {"type": "Polygon", "coordinates": [[[78.7885916900225, 30.1730480305528], [78.788570348637, 30.1731031235032], [78.788440493243, 30.1730651489479], [78.7884618346899, 30.1730100560216], [78.7885916900225, 30.1730480305528]]]}, "properties": {"confidence": 0.8592, "area_in_meters": 85.13, "full_plus_code": "8J2W5QFQ+6CC8", "source": "Google Open Buildings v3"}}, {"type": "Feature", "geometry": {"type": "Polygon", "coordinates": [[[78.7900370618222, 30.1658778704029], [78.7899687258317, 30.1659457169296], [78.7898730488491, 30.1658729558817], [78.789941384848, 30.1658051094052], [78.7900370618222, 30.1658778704029]]]}, "properties": {"confidence": 0.8119, "area_in_meters": 122.54, "full_plus_code": "8J2W5Q8Q+9X44", "source": "Google Open Buildings v3"}}, {"type": "Feature", "geometry": {"type": "Polygon", "coordinates": [[[78.7879410239495, 30.1611105034825], [78.7879377582102, 30.1611493644511], [78.7878454651379, 30.1611435077779], [78.7878487309128, 30.1611046468134], [78.7879410239495, 30.1611105034825]]]}, "properties": {"confidence": 0.8308, "area_in_meters": 38.55, "full_plus_code": "8J2W5Q6Q+F524", "source": "Google Open Buildings v3"}}, {"type": "Feature", "geometry": {"type": "Polygon", "coordinates": [[[78.7860654300744, 30.1571056825775], [78.7860065784409, 30.157173844989], [78.7859708172306, 30.1571505279666], [78.7860296688736, 30.1570823655707], [78.7860654300744, 30.1571056825775]]]}, "properties": {"confidence": 0.8247, "area_in_meters": 40.73, "full_plus_code": "8J2W5Q4P+VC24", "source": "Google Open Buildings v3"}}, {"type": "Feature", "geometry": {"type": "Polygon", "coordinates": [[[78.7859708172304, 30.1571505279659], [78.7859176635651, 30.1571158706788], [78.7859384229949, 30.1570918269866], [78.7859669555504, 30.157110430804], [78.786021666146, 30.1570470645778], [78.7860462872464, 30.1570631180283], [78.7859708172304, 30.1571505279659]]]}, "properties": {"confidence": 0.7456, "area_in_meters": 47.42, "full_plus_code": "8J2W5Q4P+R9X3", "source": "Google Open Buildings v3"}}, {"type": "Feature", "geometry": {"type": "Polygon", "coordinates": [[[78.790374494485, 30.1597443741916], [78.7903122496415, 30.1597912028678], [78.7902617441081, 30.159740509104], [78.7903239889402, 30.1596936804511], [78.790374494485, 30.1597443741916]]]}, "properties": {"confidence": 0.8307, "area_in_meters": 59.02, "full_plus_code": "8J2W5Q5R+V4WJ", "source": "Google Open Buildings v3"}}, {"type": "Feature", "geometry": {"type": "Polygon", "coordinates": [[[78.790313641558, 30.1598270388064], [78.7902939608223, 30.1598072847371], [78.7903758171384, 30.159745701773], [78.7903954978798, 30.1597654558303], [78.790313641558, 30.1598270388064]]]}, "properties": {"confidence": 0.6838, "area_in_meters": 30.24, "full_plus_code": "8J2W5Q5R+W49C", "source": "Google Open Buildings v3"}}, {"type": "Feature", "geometry": {"type": "Polygon", "coordinates": [[[78.7902873242758, 30.1598023605388], [78.7902390185402, 30.1598375303243], [78.7901994711295, 30.1597965126943], [78.7902477768565, 30.1597613429234], [78.7902873242758, 30.1598023605388]]]}, "properties": {"confidence": 0.6651, "area_in_meters": 36.05, "full_plus_code": "8J2W5Q5R+W39X", "source": "Google Open Buildings v3"}}, {"type": "Feature", "geometry": {"type": "Polygon", "coordinates": [[[78.7905467131234, 30.159552186083], [78.7905496950729, 30.1595725850928], [78.7905199821921, 30.1595758649951], [78.7905170002488, 30.1595554659849], [78.7905467131234, 30.159552186083]]]}, "properties": {"confidence": 0.7486, "area_in_meters": 6.58, "full_plus_code": "8J2W5Q5R+R6FC", "source": "Google Open Buildings v3"}}, {"type": "Feature", "geometry": {"type": "Polygon", "coordinates": [[[78.7904840604151, 30.1596642668989], [78.7903758171372, 30.1597457017702], [78.7903356475407, 30.1597053824993], [78.790443890803, 30.1596239476598], [78.7904840604151, 30.1596642668989]]]}, "properties": {"confidence": 0.8209, "area_in_meters": 81.63, "full_plus_code": "8J2W5Q5R+V5F6", "source": "Google Open Buildings v3"}}, {"type": "Feature", "geometry": {"type": "Polygon", "coordinates": [[[78.7905288817812, 30.1596305462851], [78.7904840604144, 30.1596642668972], [78.7904438908024, 30.1596239476581], [78.7904887121629, 30.159590227059], [78.7905288817812, 30.1596305462851]]]}, "properties": {"confidence": 0.7557, "area_in_meters": 33.8, "full_plus_code": "8J2W5Q5R+V554", "source": "Google Open Buildings v3"}}, {"type": "Feature", "geometry": {"type": "Polygon", "coordinates": [[[78.7896598072142, 30.1620033999757], [78.7896368847661, 30.1619742962263], [78.7897241571246, 30.161922393148], [78.7897470795892, 30.1619514968844], [78.7896598072142, 30.1620033999757]]]}, "properties": {"confidence": 0.6986, "area_in_meters": 39.87, "full_plus_code": "8J2W5Q6Q+QVPC", "source": "Google Open Buildings v3"}}, {"type": "Feature", "geometry": {"type": "Polygon", "coordinates": [[[78.7910604014815, 30.1614646541498], [78.7910200126278, 30.1615286282957], [78.7908807055829, 30.1614622174252], [78.7909031114559, 30.1614267276075], [78.7908741308194, 30.1614129118453], [78.7908921138625, 30.1613844275662], [78.7910604014815, 30.1614646541498]]]}, "properties": {"confidence": 0.7259, "area_in_meters": 135.43, "full_plus_code": "8J2W5Q6R+H9P9", "source": "Google Open Buildings v3"}}, {"type": "Feature", "geometry": {"type": "Polygon", "coordinates": [[[78.7897302914044, 30.1635936749339], [78.7897465718649, 30.163711476183], [78.7896844131112, 30.1637179626322], [78.7896681327242, 30.1636001613788], [78.7897302914044, 30.1635936749339]]]}, "properties": {"confidence": 0.8566, "area_in_meters": 79.41, "full_plus_code": "8J2W5Q7Q+FV88", "source": "Google Open Buildings v3"}}, {"type": "Feature", "geometry": {"type": "Polygon", "coordinates": [[[78.7861320956956, 30.1642603067891], [78.7861046251877, 30.1642579687889], [78.7861111653866, 30.1641999462717], [78.7861386358789, 30.1642022842698], [78.7861320956956, 30.1642603067891]]]}, "properties": {"confidence": 0.6554, "area_in_meters": 17.2, "full_plus_code": "8J2W5Q7P+MCX9", "source": "Google Open Buildings v3"}}, {"type": "Feature", "geometry": {"type": "Polygon", "coordinates": [[[78.7858542862906, 30.1633360306218], [78.7858145760308, 30.1633422808227], [78.7858035354962, 30.1632893155451], [78.7858432457372, 30.1632830653463], [78.7858542862906, 30.1633360306218]]]}, "properties": {"confidence": 0.6592, "area_in_meters": 23.22, "full_plus_code": "8J2W5Q7P+88GG", "source": "Google Open Buildings v3"}}, {"type": "Feature", "geometry": {"type": "Polygon", "coordinates": [[[78.7858884846947, 30.1633778963222], [78.7858241120278, 30.1633880282706], [78.7858145760313, 30.1633422808239], [78.7858789486705, 30.1633321488785], [78.7858884846947, 30.1633778963222]]]}, "properties": {"confidence": 0.8057, "area_in_meters": 32.51, "full_plus_code": "8J2W5Q7P+88XC", "source": "Google Open Buildings v3"}}, {"type": "Feature", "geometry": {"type": "Polygon", "coordinates": [[[78.7857779595582, 30.1630683263921], [78.7857740011817, 30.1631218097702], [78.7857389677585, 30.1631198519355], [78.7857429261536, 30.1630663685594], [78.7857779595582, 30.1630683263921]]]}, "properties": {"confidence": 0.7124, "area_in_meters": 20.11, "full_plus_code": "8J2W5Q7P+68JM", "source": "Google Open Buildings v3"}}, {"type": "Feature", "geometry": {"type": "Polygon", "coordinates": [[[78.787512221292, 30.1607738053001], [78.7874357001461, 30.1608234673566], [78.7874049778875, 30.1607877215759], [78.7874814990185, 30.1607380595375], [78.787512221292, 30.1607738053001]]]}, "properties": {"confidence": 0.759, "area_in_meters": 45.55, "full_plus_code": "8J2W5Q6P+8X88", "source": "Google Open Buildings v3"}}, {"type": "Feature", "geometry": {"type": "Polygon", "coordinates": [[[78.7876047110787, 30.160696099412], [78.7875937842912, 30.1607177413859], [78.7875526453678, 30.1607020571235], [78.7875635721621, 30.1606804151537], [78.7876047110787, 30.160696099412]]]}, "properties": {"confidence": 0.6836, "area_in_meters": 11.35, "full_plus_code": "8J2W5Q6Q+72GW", "source": "Google Open Buildings v3"}}, {"type": "Feature", "geometry": {"type": "Polygon", "coordinates": [[[78.787597147651, 30.1607454209494], [78.7875549632658, 30.1607727985869], [78.7875094919555, 30.1607198921594], [78.7875516763291, 30.1606925145362], [78.787597147651, 30.1607454209494]]]}, "properties": {"confidence": 0.8118, "area_in_meters": 37.17, "full_plus_code": "8J2W5Q6Q+72V8", "source": "Google Open Buildings v3"}}, {"type": "Feature", "geometry": {"type": "Polygon", "coordinates": [[[78.7876736149198, 30.1609474216525], [78.7875936414665, 30.1609630196767], [78.7875670001211, 30.160859875058], [78.7876469734927, 30.160844277044], [78.7876736149198, 30.1609474216525]]]}, "properties": {"confidence": 0.7248, "area_in_meters": 92.63, "full_plus_code": "8J2W5Q6Q+9295", "source": "Google Open Buildings v3"}}, {"type": "Feature", "geometry": {"type": "Polygon", "coordinates": [[[78.7877173273149, 30.1609301985993], [78.7877259466574, 30.1609624922251], [78.787660947431, 30.1609755924286], [78.7876523281092, 30.1609432987996], [78.7877173273149, 30.1609301985993]]]}, "properties": {"confidence": 0.7499, "area_in_meters": 23.65, "full_plus_code": "8J2W5Q6Q+93P2", "source": "Google Open Buildings v3"}}, {"type": "Feature", "geometry": {"type": "Polygon", "coordinates": [[[78.7877686431051, 30.161050492502], [78.7877641785625, 30.1610762453131], [78.7877366052958, 30.1610726357633], [78.7877410698454, 30.1610468829533], [78.7877686431051, 30.161050492502]]]}, "properties": {"confidence": 0.7186, "area_in_meters": 7.76, "full_plus_code": "8J2W5Q6Q+C4CC", "source": "Google Open Buildings v3"}}, {"type": "Feature", "geometry": {"type": "Polygon", "coordinates": [[[78.7878090699734, 30.1610615047733], [78.7878118883657, 30.1610818642379], [78.7877815987458, 30.1610850304531], [78.7877787803597, 30.1610646709882], [78.7878090699734, 30.1610615047733]]]}, "properties": {"confidence": 0.6746, "area_in_meters": 6.69, "full_plus_code": "8J2W5Q6Q+C4FV", "source": "Google Open Buildings v3"}}, {"type": "Feature", "geometry": {"type": "Polygon", "coordinates": [[[78.7878082010118, 30.1610471486261], [78.7878112259139, 30.1610690015933], [78.7877812935181, 30.1610721302219], [78.7877782686228, 30.1610502772543], [78.7878082010118, 30.1610471486261]]]}, "properties": {"confidence": 0.7573, "area_in_meters": 7.09, "full_plus_code": "8J2W5Q6Q+C4F7", "source": "Google Open Buildings v3"}}, {"type": "Feature", "geometry": {"type": "Polygon", "coordinates": [[[78.7878846721308, 30.1609982256834], [78.787822368451, 30.1610103252124], [78.7878120611749, 30.1609702475413], [78.7878743648302, 30.160958148016], [78.7878846721308, 30.1609982256834]]]}, "properties": {"confidence": 0.7291, "area_in_meters": 28.03, "full_plus_code": "8J2W5Q6Q+94X6", "source": "Google Open Buildings v3"}}, {"type": "Feature", "geometry": {"type": "Polygon", "coordinates": [[[78.7878246887596, 30.1610215315103], [78.787827214637, 30.1610422275674], [78.787791777313, 30.161045493425], [78.7877892514431, 30.1610247973676], [78.7878246887596, 30.1610215315103]]]}, "properties": {"confidence": 0.7125, "area_in_meters": 7.93, "full_plus_code": "8J2W5Q6Q+C479", "source": "Google Open Buildings v3"}}, {"type": "Feature", "geometry": {"type": "Polygon", "coordinates": [[[78.7877920014519, 30.1611313901753], [78.7877761416152, 30.1611697905127], [78.7876967789115, 30.1611450395562], [78.7877126387736, 30.1611066392293], [78.7877920014519, 30.1611313901753]]]}, "properties": {"confidence": 0.8579, "area_in_meters": 36.78, "full_plus_code": "8J2W5Q6Q+F35H", "source": "Google Open Buildings v3"}}, {"type": "Feature", "geometry": {"type": "Polygon", "coordinates": [[[78.7877641194501, 30.161178267499], [78.7877535032827, 30.1611977943414], [78.7876881526741, 30.1611709658171], [78.7876987688506, 30.1611514389817], [78.7877641194501, 30.161178267499]]]}, "properties": {"confidence": 0.6722, "area_in_meters": 16.69, "full_plus_code": "8J2W5Q6Q+F39R", "source": "Google Open Buildings v3"}}, {"type": "Feature", "geometry": {"type": "Polygon", "coordinates": [[[78.7874418864982, 30.1608534320668], [78.7874552019652, 30.1608828593876], [78.7874156048381, 30.1608963889249], [78.7874022893812, 30.1608669616008], [78.7874418864982, 30.1608534320668]]]}, "properties": {"confidence": 0.6899, "area_in_meters": 14.38, "full_plus_code": "8J2W5Q6P+8XVW", "source": "Google Open Buildings v3"}}, {"type": "Feature", "geometry": {"type": "Polygon", "coordinates": [[[78.7875549632663, 30.1607727985883], [78.7874504491675, 30.1608406280396], [78.787435700146, 30.1608234673565], [78.7875122212919, 30.1607738052999], [78.7874814990184, 30.1607380595374], [78.7875094919561, 30.1607198921607], [78.7875549632663, 30.1607727985883]]]}, "properties": {"confidence": 0.6999, "area_in_meters": 46.53, "full_plus_code": "8J2W5Q6Q+8262", "source": "Google Open Buildings v3"}}, {"type": "Feature", "geometry": {"type": "Polygon", "coordinates": [[[78.7834525788315, 30.1632225332436], [78.7834089028573, 30.1632493688977], [78.7833709348735, 30.1632027092891], [78.7834146108357, 30.1631758736468], [78.7834525788315, 30.1632225332436]]]}, "properties": {"confidence": 0.849, "area_in_meters": 32.68, "full_plus_code": "8J2W5Q7M+79MC", "source": "Google Open Buildings v3"}}, {"type": "Feature", "geometry": {"type": "Polygon", "coordinates": [[[78.7878405207826, 30.1602802440675], [78.7878377222026, 30.1603218970384], [78.7878019931156, 30.1603200843056], [78.7878047917105, 30.160278431336], [78.7878405207826, 30.1602802440675]]]}, "properties": {"confidence": 0.7269, "area_in_meters": 15.96, "full_plus_code": "8J2W5Q6Q+44G3", "source": "Google Open Buildings v3"}}, {"type": "Feature", "geometry": {"type": "Polygon", "coordinates": [[[78.7878708716362, 30.1603994455265], [78.7878752184954, 30.1604804783827], [78.7878243532872, 30.1604825387781], [78.7878200064697, 30.1604015059225], [78.7878708716362, 30.1603994455265]]]}, "properties": {"confidence": 0.79, "area_in_meters": 44.16, "full_plus_code": "8J2W5Q6Q+54HJ", "source": "Google Open Buildings v3"}}, {"type": "Feature", "geometry": {"type": "Polygon", "coordinates": [[[78.7876563079866, 30.1606639682464], [78.7876268042541, 30.1606972885058], [78.787588063758, 30.1606713855377], [78.7876175674946, 30.160638065287], [78.7876563079866, 30.1606639682464]]]}, "properties": {"confidence": 0.849, "area_in_meters": 21.97, "full_plus_code": "8J2W5Q6Q+729Q", "source": "Google Open Buildings v3"}}, {"type": "Feature", "geometry": {"type": "Polygon", "coordinates": [[[78.785461157478, 30.1629060011725], [78.7854196469131, 30.162908344352], [78.785416709605, 30.1628690527673], [78.7854582201534, 30.1628667095876], [78.785461157478, 30.1629060011725]]]}, "properties": {"confidence": 0.7183, "area_in_meters": 17.51, "full_plus_code": "8J2W5Q7P+554C", "source": "Google Open Buildings v3"}}, {"type": "Feature", "geometry": {"type": "Polygon", "coordinates": [[[78.7855491022383, 30.1630386919744], [78.7854949950641, 30.1630500341543], [78.7854625167714, 30.1629330446528], [78.7855166238838, 30.1629217024838], [78.7855491022383, 30.1630386919744]]]}, "properties": {"confidence": 0.8093, "area_in_meters": 71.61, "full_plus_code": "8J2W5Q7P+56RC", "source": "Google Open Buildings v3"}}, {"type": "Feature", "geometry": {"type": "Polygon", "coordinates": [[[78.7854555568385, 30.1632316190154], [78.7854610820334, 30.1632856348296], [78.7853918737139, 30.1632909801771], [78.7853863485569, 30.1632369643621], [78.7854555568385, 30.1632316190154]]]}, "properties": {"confidence": 0.7152, "area_in_meters": 40.28, "full_plus_code": "8J2W5Q7P+853G", "source": "Google Open Buildings v3"}}, {"type": "Feature", "geometry": {"type": "Polygon", "coordinates": [[[78.7854436192647, 30.1631714029791], [78.7854493670796, 30.1632266681238], [78.7853897116575, 30.163231352946], [78.785383963876, 30.1631760878004], [78.7854436192647, 30.1631714029791]]]}, "properties": {"confidence": 0.8622, "area_in_meters": 35.53, "full_plus_code": "8J2W5Q7P+75M3", "source": "Google Open Buildings v3"}}, {"type": "Feature", "geometry": {"type": "Polygon", "coordinates": [[[78.7854530447534, 30.1630413420657], [78.7854623053705, 30.1630741967716], [78.7854168110187, 30.1630838794111], [78.7854075504163, 30.1630510247029], [78.7854530447534, 30.1630413420657]]]}, "properties": {"confidence": 0.707, "area_in_meters": 16.94, "full_plus_code": "8J2W5Q7P+65FH", "source": "Google Open Buildings v3"}}, {"type": "Feature", "geometry": {"type": "Polygon", "coordinates": [[[78.7854632870203, 30.1630813122142], [78.7854697847856, 30.163158758637], [78.7854193348752, 30.1631619547003], [78.7854128371496, 30.1630845082772], [78.7854632870203, 30.1630813122142]]]}, "properties": {"confidence": 0.833, "area_in_meters": 41.99, "full_plus_code": "8J2W5Q7P+65WR", "source": "Google Open Buildings v3"}}, {"type": "Feature", "geometry": {"type": "Polygon", "coordinates": [[[78.7856516694141, 30.1630485881653], [78.7856482621242, 30.1630904756826], [78.7856001834071, 30.1630875226173], [78.7856035907171, 30.1630456351025], [78.7856516694141, 30.1630485881653]]]}, "properties": {"confidence": 0.8043, "area_in_meters": 21.64, "full_plus_code": "8J2W5Q7P+67CJ", "source": "Google Open Buildings v3"}}, {"type": "Feature", "geometry": {"type": "Polygon", "coordinates": [[[78.7877201509462, 30.1610299340952], [78.7876449716266, 30.1610450860155], [78.7876350306126, 30.161007840456], [78.7877102099047, 30.16099268854], [78.7877201509462, 30.1610299340952]]]}, "properties": {"confidence": 0.7872, "area_in_meters": 31.54, "full_plus_code": "8J2W5Q6Q+C33P", "source": "Google Open Buildings v3"}}, {"type": "Feature", "geometry": {"type": "Polygon", "coordinates": [[[78.7856270414404, 30.1640039043933], [78.7855571850403, 30.16401097117], [78.7855422818997, 30.1638997339676], [78.7856121382213, 30.1638926671947], [78.7856270414404, 30.1640039043933]]]}, "properties": {"confidence": 0.8387, "area_in_meters": 84.19, "full_plus_code": "8J2W5Q7P+H6P4", "source": "Google Open Buildings v3"}}, {"type": "Feature", "geometry": {"type": "Polygon", "coordinates": [[[78.7856012691871, 30.1640844492766], [78.7855651234634, 30.1640882018508], [78.7855559340814, 30.1640213674656], [78.7855920797807, 30.1640176148927], [78.7856012691871, 30.1640844492766]]]}, "properties": {"confidence": 0.7985, "area_in_meters": 26.19, "full_plus_code": "8J2W5Q7P+J6G4", "source": "Google Open Buildings v3"}}, {"type": "Feature", "geometry": {"type": "Polygon", "coordinates": [[[78.7852651095127, 30.1640267803827], [78.7852515497034, 30.1641028681477], [78.7852042864588, 30.164096508276], [78.7852178463028, 30.1640204205176], [78.7852651095127, 30.1640267803827]]]}, "properties": {"confidence": 0.872, "area_in_meters": 39.37, "full_plus_code": "8J2W5Q7P+J3HG", "source": "Google Open Buildings v3"}}, {"type": "Feature", "geometry": {"type": "Polygon", "coordinates": [[[78.7852751509293, 30.1639519548039], [78.7852734965511, 30.1639880419334], [78.7852377867046, 30.1639868058195], [78.7852394410958, 30.1639507186909], [78.7852751509293, 30.1639519548039]]]}, "properties": {"confidence": 0.7005, "area_in_meters": 13.8, "full_plus_code": "8J2W5Q7P+H4JJ", "source": "Google Open Buildings v3"}}, {"type": "Feature", "geometry": {"type": "Polygon", "coordinates": [[[78.7852072826205, 30.1641324708209], [78.7851882367298, 30.1642083898664], [78.7851138252274, 30.1641942945172], [78.7851328711711, 30.1641183754851], [78.7852072826205, 30.1641324708209]]]}, "properties": {"confidence": 0.7977, "area_in_meters": 63.26, "full_plus_code": "8J2W5Q7P+M37C", "source": "Google Open Buildings v3"}}, {"type": "Feature", "geometry": {"type": "Polygon", "coordinates": [[[78.7856014692899, 30.1643081636871], [78.7855942240348, 30.1643322817677], [78.785540292889, 30.1643200487334], [78.7855475381563, 30.1642959306565], [78.7856014692899, 30.1643081636871]]]}, "properties": {"confidence": 0.6855, "area_in_meters": 14.85, "full_plus_code": "8J2W5Q7P+P6GF", "source": "Google Open Buildings v3"}}, {"type": "Feature", "geometry": {"type": "Polygon", "coordinates": [[[78.7856202724405, 30.1643801963337], [78.7856056665406, 30.1644170579514], [78.7855577080775, 30.1644027096013], [78.7855723139922, 30.1643658479898], [78.7856202724405, 30.1643801963337]]]}, "properties": {"confidence": 0.6656, "area_in_meters": 21.14, "full_plus_code": "8J2W5Q7P+Q64Q", "source": "Google Open Buildings v3"}}, {"type": "Feature", "geometry": {"type": "Polygon", "coordinates": [[[78.7856056665412, 30.1644170579529], [78.7855765252698, 30.1644906030971], [78.7855285667768, 30.1644762547351], [78.7855577080781, 30.1644027096028], [78.7856056665412, 30.1644170579529]]]}, "properties": {"confidence": 0.7761, "area_in_meters": 42.17, "full_plus_code": "8J2W5Q7P+Q6GR", "source": "Google Open Buildings v3"}}, {"type": "Feature", "geometry": {"type": "Polygon", "coordinates": [[[78.7855765252707, 30.1644906030991], [78.7855456583827, 30.1645685031215], [78.785497699858, 30.1645541547471], [78.7855285667776, 30.1644762547371], [78.7855765252707, 30.1644906030991]]]}, "properties": {"confidence": 0.8094, "area_in_meters": 44.67, "full_plus_code": "8J2W5Q7P+R63R", "source": "Google Open Buildings v3"}}, {"type": "Feature", "geometry": {"type": "Polygon", "coordinates": [[[78.7854296660558, 30.164548373816], [78.7854323378033, 30.1645699148332], [78.7853989774121, 30.1645730390466], [78.7853963056719, 30.1645514980291], [78.7854296660558, 30.164548373816]]]}, "properties": {"confidence": 0.6517, "area_in_meters": 7.77, "full_plus_code": "8J2W5Q7P+R5FF", "source": "Google Open Buildings v3"}}, {"type": "Feature", "geometry": {"type": "Polygon", "coordinates": [[[78.7853664280716, 30.1645866339779], [78.7853883502468, 30.1646518288032], [78.7853585912814, 30.1646593843962], [78.785336669125, 30.1645941895668], [78.7853664280716, 30.1645866339779]]]}, "properties": {"confidence": 0.6573, "area_in_meters": 22.51, "full_plus_code": "8J2W5Q7P+R4XW", "source": "Google Open Buildings v3"}}, {"type": "Feature", "geometry": {"type": "Polygon", "coordinates": [[[78.7854379308892, 30.1645807747618], [78.7854369427281, 30.164604329143], [78.7854050265461, 30.1646033181471], [78.7854060147145, 30.1645797637666], [78.7854379308892, 30.1645807747618]]]}, "properties": {"confidence": 0.7039, "area_in_meters": 8.05, "full_plus_code": "8J2W5Q7P+R5MM", "source": "Google Open Buildings v3"}}, {"type": "Feature", "geometry": {"type": "Polygon", "coordinates": [[[78.7854665375023, 30.1647733142143], [78.7853757777098, 30.1647702760136], [78.7853795622496, 30.1646849138488], [78.7854091124176, 30.1646859030517], [78.785410457229, 30.1646555699103], [78.7854716667566, 30.1646576189001], [78.7854665375023, 30.1647733142143]]]}, "properties": {"confidence": 0.6785, "area_in_meters": 102.82, "full_plus_code": "8J2W5Q7P+V5MP", "source": "Google Open Buildings v3"}}, {"type": "Feature", "geometry": {"type": "Polygon", "coordinates": [[[78.7854228092499, 30.1647759102736], [78.7854197296623, 30.1648073929986], [78.7853742551039, 30.1648040343177], [78.7853773347057, 30.1647725515944], [78.7854228092499, 30.1647759102736]]]}, "properties": {"confidence": 0.6796, "area_in_meters": 15.42, "full_plus_code": "8J2W5Q7P+W56H", "source": "Google Open Buildings v3"}}, {"type": "Feature", "geometry": {"type": "Polygon", "coordinates": [[[78.7854180170674, 30.1648764128166], [78.7854073112771, 30.1649481179101], [78.7853592839588, 30.1649427036923], [78.7853699897828, 30.1648709986044], [78.7854180170674, 30.1648764128166]]]}, "properties": {"confidence": 0.7367, "area_in_meters": 37.43, "full_plus_code": "8J2W5Q7P+X567", "source": "Google Open Buildings v3"}}, {"type": "Feature", "geometry": {"type": "Polygon", "coordinates": [[[78.7854871482181, 30.1650250620676], [78.7854206711705, 30.1650139248214], [78.7854653419943, 30.1648126010015], [78.7855318189175, 30.1648237382195], [78.7854871482181, 30.1650250620676]]]}, "properties": {"confidence": 0.7313, "area_in_meters": 148.39, "full_plus_code": "8J2W5Q7P+X59J", "source": "Google Open Buildings v3"}}, {"type": "Feature", "geometry": {"type": "Polygon", "coordinates": [[[78.7854136942102, 30.1649598194957], [78.7854129883985, 30.1649913811605], [78.7853870440191, 30.1649909430816], [78.7853877498392, 30.1649593814174], [78.7854136942102, 30.1649598194957]]]}, "properties": {"confidence": 0.743, "area_in_meters": 8.76, "full_plus_code": "8J2W5Q7P+X5R5", "source": "Google Open Buildings v3"}}, {"type": "Feature", "geometry": {"type": "Polygon", "coordinates": [[[78.7853914115723, 30.1649422177923], [78.7853701687135, 30.1649882167203], [78.7853307136671, 30.1649744590318], [78.7853519565404, 30.1649284601108], [78.7853914115723, 30.1649422177923]]]}, "properties": {"confidence": 0.6533, "area_in_meters": 22.53, "full_plus_code": "8J2W5Q7P+X4Q8", "source": "Google Open Buildings v3"}}, {"type": "Feature", "geometry": {"type": "Polygon", "coordinates": [[[78.7853857014592, 30.1650004841004], [78.785354063565, 30.1650545314685], [78.7852984503007, 30.1650299510885], [78.7853300882156, 30.1649759037347], [78.7853857014592, 30.1650004841004]]]}, "properties": {"confidence": 0.7425, "area_in_meters": 40.44, "full_plus_code": "8J2W5Q8P+244Q", "source": "Google Open Buildings v3"}}, {"type": "Feature", "geometry": {"type": "Polygon", "coordinates": [[[78.7852343699713, 30.1647183614551], [78.7852165692924, 30.1647756132903], [78.7851526259817, 30.1647606018574], [78.785170426694, 30.1647033500326], [78.7852343699713, 30.1647183614551]]]}, "properties": {"confidence": 0.6755, "area_in_meters": 41.99, "full_plus_code": "8J2W5Q7P+V3WC", "source": "Google Open Buildings v3"}}, {"type": "Feature", "geometry": {"type": "Polygon", "coordinates": [[[78.7851762385057, 30.1646912171347], [78.7851448286978, 30.1647578239167], [78.7850776472927, 30.164733903106], [78.7851090571359, 30.1646672963417], [78.7851762385057, 30.1646912171347]]]}, "properties": {"confidence": 0.7648, "area_in_meters": 55.87, "full_plus_code": "8J2W5Q7P+V3JC", "source": "Google Open Buildings v3"}}, {"type": "Feature", "geometry": {"type": "Polygon", "coordinates": [[[78.7829513295223, 30.1635547105631], [78.7828945214256, 30.1635732452719], [78.782908441734, 30.1636054606576], [78.7828692246068, 30.1636182559637], [78.7828475425339, 30.1635680776818], [78.7829435677291, 30.1635367476752], [78.7829513295223, 30.1635547105631]]]}, "properties": {"confidence": 0.7646, "area_in_meters": 36.45, "full_plus_code": "8J2W5Q7M+C5J4", "source": "Google Open Buildings v3"}}, {"type": "Feature", "geometry": {"type": "Polygon", "coordinates": [[[78.7828416487299, 30.1636306017819], [78.782847594697, 30.1636656914553], [78.7827955520222, 30.1636723501815], [78.7827896060738, 30.1636372605068], [78.7828416487299, 30.1636306017819]]]}, "properties": {"confidence": 0.6672, "area_in_meters": 19.95, "full_plus_code": "8J2W5Q7M+F482", "source": "Google Open Buildings v3"}}, {"type": "Feature", "geometry": {"type": "Polygon", "coordinates": [[[78.7828364559193, 30.1635349900566], [78.7828530278635, 30.1636082216191], [78.7828199241733, 30.1636138780302], [78.7828033522534, 30.1635406464649], [78.7828364559193, 30.1635349900566]]]}, "properties": {"confidence": 0.7428, "area_in_meters": 26.92, "full_plus_code": "8J2W5Q7M+C4GW", "source": "Google Open Buildings v3"}}, {"type": "Feature", "geometry": {"type": "Polygon", "coordinates": [[[78.78320508434, 30.1637307220577], [78.7831721000676, 30.1637609085493], [78.7831359552647, 30.1637310871081], [78.7831689395369, 30.1637009006254], [78.78320508434, 30.1637307220577]]]}, "properties": {"confidence": 0.7893, "area_in_meters": 22.18, "full_plus_code": "8J2W5Q7M+F7V7", "source": "Google Open Buildings v3"}}, {"type": "Feature", "geometry": {"type": "Polygon", "coordinates": [[[78.7831694101381, 30.1636706593471], [78.783091133393, 30.1636916046084], [78.7830746050312, 30.1636449637765], [78.7831528817414, 30.1636240185234], [78.7831694101381, 30.1636706593471]]]}, "properties": {"confidence": 0.7575, "area_in_meters": 42.73, "full_plus_code": "8J2W5Q7M+F699", "source": "Google Open Buildings v3"}}, {"type": "Feature", "geometry": {"type": "Polygon", "coordinates": [[[78.7831013871992, 30.163625481497], [78.7830571956404, 30.1636420900334], [78.7830282979817, 30.1635840322691], [78.7830724895186, 30.1635674237421], [78.7831013871992, 30.163625481497]]]}, "properties": {"confidence": 0.7907, "area_in_meters": 32.56, "full_plus_code": "8J2W5Q7M+C6W2", "source": "Google Open Buildings v3"}}, {"type": "Feature", "geometry": {"type": "Polygon", "coordinates": [[[78.7830975635373, 30.1634835458187], [78.7830175921574, 30.1635452964486], [78.7829624680709, 30.1634913919013], [78.7830424394372, 30.1634296413042], [78.7830975635373, 30.1634835458187]]]}, "properties": {"confidence": 0.8299, "area_in_meters": 82.47, "full_plus_code": "8J2W5Q7M+96RH", "source": "Google Open Buildings v3"}}, {"type": "Feature", "geometry": {"type": "Polygon", "coordinates": [[[78.7831334383171, 30.1634530403771], [78.7831047919284, 30.1634845462592], [78.7830480365617, 30.1634455811208], [78.7830766829556, 30.1634140752512], [78.7831334383171, 30.1634530403771]]]}, "properties": {"confidence": 0.8012, "area_in_meters": 31.05, "full_plus_code": "8J2W5Q7M+96GX", "source": "Google Open Buildings v3"}}, {"type": "Feature", "geometry": {"type": "Polygon", "coordinates": [[[78.7831734334731, 30.1634188746669], [78.7831400469188, 30.1634532113267], [78.7830859320543, 30.1634134810609], [78.7831193186124, 30.1633791444149], [78.7831734334731, 30.1634188746669]]]}, "properties": {"confidence": 0.7167, "area_in_meters": 34.04, "full_plus_code": "8J2W5Q7M+976J", "source": "Google Open Buildings v3"}}, {"type": "Feature", "geometry": {"type": "Polygon", "coordinates": [[[78.782889394804, 30.1635537420599], [78.7828486923958, 30.1635651087579], [78.7828343237978, 30.1635262588068], [78.7828750261909, 30.1635148921124], [78.782889394804, 30.1635537420599]]]}, "properties": {"confidence": 0.6806, "area_in_meters": 18.65, "full_plus_code": "8J2W5Q7M+C49G", "source": "Google Open Buildings v3"}}, {"type": "Feature", "geometry": {"type": "Polygon", "coordinates": [[[78.7831872693689, 30.1633743975808], [78.7831663301241, 30.1633560771195], [78.7832025398567, 30.163324827715], [78.7832234791029, 30.1633431481712], [78.7831872693689, 30.1633743975808]]]}, "properties": {"confidence": 0.7257, "area_in_meters": 14.09, "full_plus_code": "8J2W5Q7M+87PR", "source": "Google Open Buildings v3"}}, {"type": "Feature", "geometry": {"type": "Polygon", "coordinates": [[[78.7833168968911, 30.1633251312384], [78.7832630024963, 30.1633716427845], [78.7832060415298, 30.1633218057291], [78.7832599359205, 30.163275294205], [78.7833168968911, 30.1633251312384]]]}, "properties": {"confidence": 0.7761, "area_in_meters": 57.04, "full_plus_code": "8J2W5Q7M+88CV", "source": "Google Open Buildings v3"}}, {"type": "Feature", "geometry": {"type": "Polygon", "coordinates": [[[78.7833440008993, 30.1632932561331], [78.7833062487857, 30.1633224069784], [78.7832511246499, 30.163268502549], [78.7832888767573, 30.163239351719], [78.7833440008993, 30.1632932561331]]]}, "properties": {"confidence": 0.8066, "area_in_meters": 38.93, "full_plus_code": "8J2W5Q7M+8878", "source": "Google Open Buildings v3"}}, {"type": "Feature", "geometry": {"type": "Polygon", "coordinates": [[[78.7834109663236, 30.1631715190112], [78.7833119229884, 30.1632595853013], [78.7832696069872, 30.1632236506384], [78.7833686503215, 30.1631355843814], [78.7834109663236, 30.1631715190112]]]}, "properties": {"confidence": 0.7243, "area_in_meters": 77.89, "full_plus_code": "8J2W5Q7M+78GX", "source": "Google Open Buildings v3"}}, {"type": "Feature", "geometry": {"type": "Polygon", "coordinates": [[[78.7834920575184, 30.163116997691], [78.7834326253049, 30.1630799139254], [78.7835078158029, 30.1629889235578], [78.7835672479945, 30.1630260072886], [78.7834920575184, 30.163116997691]]]}, "properties": {"confidence": 0.8863, "area_in_meters": 87.62, "full_plus_code": "8J2W5Q7M+69H5", "source": "Google Open Buildings v3"}}, {"type": "Feature", "geometry": {"type": "Polygon", "coordinates": [[[78.7833561147187, 30.1632912857096], [78.7833200929949, 30.1632597691351], [78.7833779564023, 30.1632098321641], [78.7834139781285, 30.1632413487231], [78.7833561147187, 30.1632912857096]]]}, "properties": {"confidence": 0.7774, "area_in_meters": 38.72, "full_plus_code": "8J2W5Q7M+8854", "source": "Google Open Buildings v3"}}, {"type": "Feature", "geometry": {"type": "Polygon", "coordinates": [[[78.7824376139003, 30.1637180318876], [78.7823568383086, 30.163758495262], [78.7823409952283, 30.1637346145989], [78.7824217708059, 30.1636941512344], [78.7824376139003, 30.1637180318876]]]}, "properties": {"confidence": 0.6942, "area_in_meters": 27.47, "full_plus_code": "8J2W5Q7J+FXR3", "source": "Google Open Buildings v3"}}, {"type": "Feature", "geometry": {"type": "Polygon", "coordinates": [[[78.7833068861466, 30.1634320877903], [78.7832804550253, 30.1634678369092], [78.7832429146522, 30.1634468793869], [78.7832693457805, 30.1634111302758], [78.7833068861466, 30.1634320877903]]]}, "properties": {"confidence": 0.8222, "area_in_meters": 20.27, "full_plus_code": "8J2W5Q7M+98CH", "source": "Google Open Buildings v3"}}, {"type": "Feature", "geometry": {"type": "Polygon", "coordinates": [[[78.7832014936812, 30.163482147369], [78.7831763140531, 30.1634837525057], [78.7831746654122, 30.1634642246454], [78.7831998450345, 30.1634626195088], [78.7832014936812, 30.163482147369]]]}, "properties": {"confidence": 0.6656, "area_in_meters": 5.28, "full_plus_code": "8J2W5Q7M+97PR", "source": "Google Open Buildings v3"}}, {"type": "Feature", "geometry": {"type": "Polygon", "coordinates": [[[78.7832385164607, 30.1633870112537], [78.7831747994121, 30.1634235899662], [78.7831509674317, 30.1633922441929], [78.7832146844671, 30.1633556654913], [78.7832385164607, 30.1633870112537]]]}, "properties": {"confidence": 0.7397, "area_in_meters": 30.67, "full_plus_code": "8J2W5Q7M+974C", "source": "Google Open Buildings v3"}}, {"type": "Feature", "geometry": {"type": "Polygon", "coordinates": [[[78.7832019518383, 30.1636833889028], [78.783227093377, 30.1637109940564], [78.7832030834094, 30.1637271956644], [78.7831782360628, 30.1636993919919], [78.7832019518383, 30.1636833889028]]]}, "properties": {"confidence": 0.6772, "area_in_meters": 11.37, "full_plus_code": "8J2W5Q7M+F7P7", "source": "Google Open Buildings v3"}}, {"type": "Feature", "geometry": {"type": "Polygon", "coordinates": [[[78.7854495609625, 30.1633520332878], [78.7854605510168, 30.1634139855151], [78.785401881176, 30.1634218441747], [78.7853908911586, 30.1633598919439], [78.7854495609625, 30.1633520332878]]]}, "properties": {"confidence": 0.6557, "area_in_meters": 39.78, "full_plus_code": "8J2W5Q7P+953G", "source": "Google Open Buildings v3"}}, {"type": "Feature", "geometry": {"type": "Polygon", "coordinates": [[[78.7832697337315, 30.1636719348138], [78.7832267668947, 30.16370905247], [78.7832019927899, 30.1636873983891], [78.7832449596256, 30.1636502807407], [78.7832697337315, 30.1636719348138]]]}, "properties": {"confidence": 0.6718, "area_in_meters": 19.78, "full_plus_code": "8J2W5Q7M+F7H4", "source": "Google Open Buildings v3"}}, {"type": "Feature", "geometry": {"type": "Polygon", "coordinates": [[[78.7833203609379, 30.1636820058745], [78.7832549525547, 30.1637418663375], [78.7832223232256, 30.1637149453903], [78.7832877316087, 30.1636550849433], [78.7833203609379, 30.1636820058745]]]}, "properties": {"confidence": 0.7199, "area_in_meters": 39.7, "full_plus_code": "8J2W5Q7M+F8CW", "source": "Google Open Buildings v3"}}, {"type": "Feature", "geometry": {"type": "Polygon", "coordinates": [[[78.7836526103793, 30.1630056444245], [78.7836196809265, 30.1630472121695], [78.7835560805238, 30.1630091684525], [78.7835890099885, 30.1629676007241], [78.7836526103793, 30.1630056444245]]]}, "properties": {"confidence": 0.8147, "area_in_meters": 41.65, "full_plus_code": "8J2W5Q7M+6C57", "source": "Google Open Buildings v3"}}, {"type": "Feature", "geometry": {"type": "Polygon", "coordinates": [[[78.7836210532599, 30.1629664694823], [78.7835959172782, 30.162959903442], [78.7836063551315, 30.1629297318178], [78.7836314911063, 30.1629362978559], [78.7836210532599, 30.1629664694823]]]}, "properties": {"confidence": 0.6822, "area_in_meters": 8.84, "full_plus_code": "8J2W5Q7M+5CHW", "source": "Google Open Buildings v3"}}, {"type": "Feature", "geometry": {"type": "Polygon", "coordinates": [[[78.7837032312161, 30.1628301852093], [78.7836857956143, 30.1628827303347], [78.7836436981837, 30.1628721826625], [78.7836611338051, 30.1628196375441], [78.7837032312161, 30.1628301852093]]]}, "properties": {"confidence": 0.6838, "area_in_meters": 25.61, "full_plus_code": "8J2W5Q7M+4FV4", "source": "Google Open Buildings v3"}}, {"type": "Feature", "geometry": {"type": "Polygon", "coordinates": [[[78.782254381276, 30.1637087417058], [78.7822759380138, 30.1637626362231], [78.7822379061534, 30.1637741223621], [78.7822163494348, 30.1637202278397], [78.782254381276, 30.1637087417058]]]}, "properties": {"confidence": 0.8, "area_in_meters": 24.56, "full_plus_code": "8J2W5Q7J+FVXQ", "source": "Google Open Buildings v3"}}, {"type": "Feature", "geometry": {"type": "Polygon", "coordinates": [[[78.7824054360753, 30.1636774068284], [78.7823276035397, 30.1637141405041], [78.7822968371563, 30.1636649181434], [78.7823746696622, 30.1636281844843], [78.7824054360753, 30.1636774068284]]]}, "properties": {"confidence": 0.8307, "area_in_meters": 53.04, "full_plus_code": "8J2W5Q7J+FW9R", "source": "Google Open Buildings v3"}}, {"type": "Feature", "geometry": {"type": "Polygon", "coordinates": [[[78.7822909361348, 30.1637024852061], [78.7823075550072, 30.1637408545941], [78.7822746740685, 30.1637516080764], [78.7822580552075, 30.1637132386847], [78.7822909361348, 30.1637024852061]]]}, "properties": {"confidence": 0.6696, "area_in_meters": 15.4, "full_plus_code": "8J2W5Q7J+FWV2", "source": "Google Open Buildings v3"}}, {"type": "Feature", "geometry": {"type": "Polygon", "coordinates": [[[78.7824615884019, 30.1637520827316], [78.7823976132345, 30.1637852968824], [78.7823736157695, 30.1637503955453], [78.7824375909208, 30.1637171814051], [78.7824615884019, 30.1637520827316]]]}, "properties": {"confidence": 0.8095, "area_in_meters": 32.39, "full_plus_code": "8J2W5Q7J+GX33", "source": "Google Open Buildings v3"}}, {"type": "Feature", "geometry": {"type": "Polygon", "coordinates": [[[78.7807640000166, 30.16238502572], [78.7806525573913, 30.1624278269493], [78.780628465593, 30.1623804611182], [78.7807399081737, 30.1623376599076], [78.7807640000166, 30.16238502572]]]}, "properties": {"confidence": 0.7941, "area_in_meters": 67.45, "full_plus_code": "8J2W5Q6J+X747", "source": "Google Open Buildings v3"}}, {"type": "Feature", "geometry": {"type": "Polygon", "coordinates": [[[78.7824415861306, 30.163666336645], [78.7824002260711, 30.1636856169324], [78.7823759652876, 30.1636456214205], [78.7824173253342, 30.1636263411399], [78.7824415861306, 30.163666336645]]]}, "properties": {"confidence": 0.7106, "area_in_meters": 22.68, "full_plus_code": "8J2W5Q7J+FX76", "source": "Google Open Buildings v3"}}, {"type": "Feature", "geometry": {"type": "Polygon", "coordinates": [[[78.7827771782398, 30.1632763042032], [78.7827653404949, 30.1632992184872], [78.7827393893541, 30.1632890954318], [78.7827512271033, 30.1632661811502], [78.7827771782398, 30.1632763042032]]]}, "properties": {"confidence": 0.6836, "area_in_meters": 7.64, "full_plus_code": "8J2W5Q7M+8467", "source": "Google Open Buildings v3"}}, {"type": "Feature", "geometry": {"type": "Polygon", "coordinates": [[[78.7827535762017, 30.1633679384757], [78.782719600996, 30.1633252947088], [78.7827970937136, 30.1632786760672], [78.7828310689393, 30.1633213198154], [78.7827535762017, 30.1633679384757]]]}, "properties": {"confidence": 0.7019, "area_in_meters": 52.26, "full_plus_code": "8J2W5Q7M+84CX", "source": "Google Open Buildings v3"}}, {"type": "Feature", "geometry": {"type": "Polygon", "coordinates": [[[78.7826608438099, 30.1635329184541], [78.7826638451254, 30.1635577646635], [78.7826333350532, 30.1635605474773], [78.7826303337454, 30.1635357012675], [78.7826608438099, 30.1635329184541]]]}, "properties": {"confidence": 0.7629, "area_in_meters": 8.19, "full_plus_code": "8J2W5Q7M+C36W", "source": "Google Open Buildings v3"}}, {"type": "Feature", "geometry": {"type": "Polygon", "coordinates": [[[78.7826212962824, 30.1634939034853], [78.7825322438773, 30.1635209720539], [78.7825205299582, 30.1634918733564], [78.7826095823396, 30.1634648047948], [78.7826212962824, 30.1634939034853]]]}, "properties": {"confidence": 0.7969, "area_in_meters": 31.09, "full_plus_code": "8J2W5Q7M+92WM", "source": "Google Open Buildings v3"}}, {"type": "Feature", "geometry": {"type": "Polygon", "coordinates": [[[78.78246724294, 30.1636098574691], [78.7824882908811, 30.1636612250816], [78.7824454736165, 30.163674472403], [78.7824244256959, 30.1636231047849], [78.78246724294, 30.1636098574691]]]}, "properties": {"confidence": 0.6957, "area_in_meters": 26.49, "full_plus_code": "8J2W5Q7J+FX4P", "source": "Google Open Buildings v3"}}, {"type": "Feature", "geometry": {"type": "Polygon", "coordinates": [[[78.7824951662516, 30.1636833294102], [78.7825301724108, 30.1637366266755], [78.7824923019368, 30.1637554081051], [78.7824572957928, 30.1637021108305], [78.7824951662516, 30.1636833294102]]]}, "properties": {"confidence": 0.6984, "area_in_meters": 28.61, "full_plus_code": "8J2W5Q7J+FXQQ", "source": "Google Open Buildings v3"}}, {"type": "Feature", "geometry": {"type": "Polygon", "coordinates": [[[78.7827011588761, 30.163743752813], [78.7826504496911, 30.1637617186867], [78.7826309340288, 30.1637201266509], [78.7826816431952, 30.1637021607837], [78.7827011588761, 30.163743752813]]]}, "properties": {"confidence": 0.7608, "area_in_meters": 26.29, "full_plus_code": "8J2W5Q7M+F3V7", "source": "Google Open Buildings v3"}}, {"type": "Feature", "geometry": {"type": "Polygon", "coordinates": [[[78.7827293919676, 30.1636715517427], [78.7826752437643, 30.1636847961425], [78.7826655891804, 30.1636549921348], [78.7827197373683, 30.1636417477381], [78.7827293919676, 30.1636715517427]]]}, "properties": {"confidence": 0.6901, "area_in_meters": 18.62, "full_plus_code": "8J2W5Q7M+F38F", "source": "Google Open Buildings v3"}}, {"type": "Feature", "geometry": {"type": "Polygon", "coordinates": [[[78.782711665081, 30.163633328806], [78.7826621371412, 30.1636542017123], [78.7826325645601, 30.1636012175389], [78.7826820924782, 30.1635803446427], [78.782711665081, 30.163633328806]]]}, "properties": {"confidence": 0.8282, "area_in_meters": 34.65, "full_plus_code": "8J2W5Q7M+C3VP", "source": "Google Open Buildings v3"}}, {"type": "Feature", "geometry": {"type": "Polygon", "coordinates": [[[78.7832494910083, 30.1637500952542], [78.7831916363996, 30.1637836961391], [78.7831697397526, 30.1637552283844], [78.7832275943513, 30.1637216275081], [78.7832494910083, 30.1637500952542]]]}, "properties": {"confidence": 0.7806, "area_in_meters": 25.47, "full_plus_code": "8J2W5Q7M+G744", "source": "Google Open Buildings v3"}}, {"type": "Feature", "geometry": {"type": "Polygon", "coordinates": [[[78.7827171043608, 30.1637777359756], [78.7826663951604, 30.1637957018546], [78.7826504496915, 30.1637617186877], [78.7827011588765, 30.1637437528139], [78.7827171043608, 30.1637777359756]]]}, "properties": {"confidence": 0.6731, "area_in_meters": 21.48, "full_plus_code": "8J2W5Q7M+G33Q", "source": "Google Open Buildings v3"}}, {"type": "Feature", "geometry": {"type": "Polygon", "coordinates": [[[78.7823754205476, 30.1638058890384], [78.7823284738474, 30.1638193189215], [78.7823166488047, 30.1637881067769], [78.7823635954909, 30.1637746768976], [78.7823754205476, 30.1638058890384]]]}, "properties": {"confidence": 0.7313, "area_in_meters": 17.36, "full_plus_code": "8J2W5Q7J+GW9R", "source": "Google Open Buildings v3"}}, {"type": "Feature", "geometry": {"type": "Polygon", "coordinates": [[[78.7822156774756, 30.1638667334587], [78.7821744888551, 30.1638712184114], [78.7821676507718, 30.1638238005787], [78.7822088393725, 30.1638193156272], [78.7822156774756, 30.1638667334587]]]}, "properties": {"confidence": 0.757, "area_in_meters": 21.21, "full_plus_code": "8J2W5Q7J+GVPR", "source": "Google Open Buildings v3"}}, {"type": "Feature", "geometry": {"type": "Polygon", "coordinates": [[[78.7822747314284, 30.1638531247731], [78.7822298129917, 30.1638581511383], [78.7822247157011, 30.163823755925], [78.7822696341223, 30.1638187295604], [78.7822747314284, 30.1638531247731]]]}, "properties": {"confidence": 0.695, "area_in_meters": 16.79, "full_plus_code": "8J2W5Q7J+GVQH", "source": "Google Open Buildings v3"}}, {"type": "Feature", "geometry": {"type": "Polygon", "coordinates": [[[78.7821676507719, 30.163823800579], [78.7821744888552, 30.1638712184117], [78.7821191648024, 30.1638772425243], [78.7821123267458, 30.1638298246901], [78.7821676507719, 30.163823800579]]]}, "properties": {"confidence": 0.7812, "area_in_meters": 28.48, "full_plus_code": "8J2W5Q7J+GVR4", "source": "Google Open Buildings v3"}}, {"type": "Feature", "geometry": {"type": "Polygon", "coordinates": [[[78.7822407359303, 30.163912658332], [78.782244435462, 30.1639524659316], [78.7821953946743, 30.1639559072394], [78.7821916951624, 30.1639160996394], [78.7822407359303, 30.163912658332]]]}, "properties": {"confidence": 0.7823, "area_in_meters": 21.01, "full_plus_code": "8J2W5Q7J+HVG9", "source": "Google Open Buildings v3"}}, {"type": "Feature", "geometry": {"type": "Polygon", "coordinates": [[[78.7802740408474, 30.1641758047612], [78.7802407014361, 30.1641809927005], [78.7802336086566, 30.1641465763867], [78.7802669480564, 30.1641413884484], [78.7802740408474, 30.1641758047612]]]}, "properties": {"confidence": 0.6516, "area_in_meters": 12.66, "full_plus_code": "8J2W5Q7J+M46C", "source": "Google Open Buildings v3"}}, {"type": "Feature", "geometry": {"type": "Polygon", "coordinates": [[[78.7802714256898, 30.164201036172], [78.7802338670851, 30.1642098983112], [78.7802227003286, 30.164174164241], [78.7802602589203, 30.1641653021042], [78.7802714256898, 30.164201036172]]]}, "properties": {"confidence": 0.708, "area_in_meters": 15.41, "full_plus_code": "8J2W5Q7J+M3HH", "source": "Google Open Buildings v3"}}, {"type": "Feature", "geometry": {"type": "Polygon", "coordinates": [[[78.7803364053186, 30.1641709810671], [78.780277895419, 30.164194500407], [78.7802579540623, 30.1641570424844], [78.7803164639439, 30.1641335231521], [78.7803364053186, 30.1641709810671]]]}, "properties": {"confidence": 0.7597, "area_in_meters": 28.44, "full_plus_code": "8J2W5Q7J+M47G", "source": "Google Open Buildings v3"}}, {"type": "Feature", "geometry": {"type": "Polygon", "coordinates": [[[78.7803813993282, 30.1641528947093], [78.7803364053183, 30.1641709810664], [78.7803164639436, 30.1641335231515], [78.7803614579388, 30.1641154368006], [78.7803813993282, 30.1641528947093]]]}, "properties": {"confidence": 0.8145, "area_in_meters": 21.87, "full_plus_code": "8J2W5Q7J+M45J", "source": "Google Open Buildings v3"}}, {"type": "Feature", "geometry": {"type": "Polygon", "coordinates": [[[78.7803586366587, 30.1640674209959], [78.780323097283, 30.1640796539065], [78.780309355939, 30.1640495103264], [78.7803448953049, 30.1640372774191], [78.7803586366587, 30.1640674209959]]]}, "properties": {"confidence": 0.7226, "area_in_meters": 13.25, "full_plus_code": "8J2W5Q7J+J4G8", "source": "Google Open Buildings v3"}}, {"type": "Feature", "geometry": {"type": "Polygon", "coordinates": [[[78.7803940821857, 30.1640552203753], [78.7803586366586, 30.1640674209955], [78.7803448953048, 30.1640372774187], [78.7803803408225, 30.1640250768017], [78.7803940821857, 30.1640552203753]]]}, "properties": {"confidence": 0.7366, "area_in_meters": 13.21, "full_plus_code": "8J2W5Q7J+J49X", "source": "Google Open Buildings v3"}}, {"type": "Feature", "geometry": {"type": "Polygon", "coordinates": [[[78.7806200451729, 30.1639288746127], [78.7805199805426, 30.1639915770496], [78.7804934501023, 30.16395960817], [78.7805935147132, 30.1638969057528], [78.7806200451729, 30.1639288746127]]]}, "properties": {"confidence": 0.6555, "area_in_meters": 51.98, "full_plus_code": "8J2W5Q7J+H6FQ", "source": "Google Open Buildings v3"}}, {"type": "Feature", "geometry": {"type": "Polygon", "coordinates": [[[78.7803928940263, 30.1638344712379], [78.7802726940318, 30.1638525712468], [78.7802667940291, 30.1638227712473], [78.7803868940236, 30.1638047712384], [78.7803928940263, 30.1638344712379]]]}, "properties": {"confidence": 0.752, "area_in_meters": 39.36, "full_plus_code": "8J2W5Q7J+G4P4", "source": "Google Open Buildings v3"}}, {"type": "Feature", "geometry": {"type": "Polygon", "coordinates": [[[78.7802465548407, 30.1637827250672], [78.780162007845, 30.1638042886857], [78.7801536489085, 30.1637795420575], [78.7802381958841, 30.1637579784428], [78.7802465548407, 30.1637827250672]]]}, "properties": {"confidence": 0.7104, "area_in_meters": 24.29, "full_plus_code": "8J2W5Q7J+G387", "source": "Google Open Buildings v3"}}, {"type": "Feature", "geometry": {"type": "Polygon", "coordinates": [[[78.7802861676284, 30.1638567284202], [78.7803070709624, 30.1639139345811], [78.780254319732, 30.1639284889016], [78.7802334164266, 30.1638712827343], [78.7802861676284, 30.1638567284202]]]}, "properties": {"confidence": 0.7476, "area_in_meters": 35.51, "full_plus_code": "8J2W5Q7J+H42P", "source": "Google Open Buildings v3"}}, {"type": "Feature", "geometry": {"type": "Polygon", "coordinates": [[[78.7802523810785, 30.1639317298339], [78.7801845552193, 30.1639596160837], [78.7801528271182, 30.1639013472568], [78.7802206529439, 30.1638734610215], [78.7802523810785, 30.1639317298339]]]}, "properties": {"confidence": 0.8406, "area_in_meters": 51.71, "full_plus_code": "8J2W5Q7J+H38M", "source": "Google Open Buildings v3"}}, {"type": "Feature", "geometry": {"type": "Polygon", "coordinates": [[[78.780265339268, 30.163968075787], [78.7802249744667, 30.1639808809661], [78.78021128876, 30.1639483069767], [78.7802516535488, 30.1639355018011], [78.780265339268, 30.163968075787]]]}, "properties": {"confidence": 0.7668, "area_in_meters": 15.93, "full_plus_code": "8J2W5Q7J+H3Q8", "source": "Google Open Buildings v3"}}, {"type": "Feature", "geometry": {"type": "Polygon", "coordinates": [[[78.7802329404094, 30.1640871162594], [78.7801828001607, 30.1641025645986], [78.7801690899677, 30.1640689650217], [78.7802192302007, 30.1640535166869], [78.7802329404094, 30.1640871162594]]]}, "properties": {"confidence": 0.7643, "area_in_meters": 20.27, "full_plus_code": "8J2W5Q7J+J3P3", "source": "Google Open Buildings v3"}}, {"type": "Feature", "geometry": {"type": "Polygon", "coordinates": [[[78.7802494308378, 30.1641275292795], [78.7801992905702, 30.164142977624], [78.7801828001611, 30.1641025645996], [78.7802329404098, 30.1640871162603], [78.7802494308378, 30.1641275292795]]]}, "properties": {"confidence": 0.7864, "area_in_meters": 24.38, "full_plus_code": "8J2W5Q7J+J3WQ", "source": "Google Open Buildings v3"}}, {"type": "Feature", "geometry": {"type": "Polygon", "coordinates": [[[78.7799901513539, 30.1640942251724], [78.7799744407108, 30.1640647828068], [78.7800435568163, 30.1640369353079], [78.7800592674775, 30.1640663776658], [78.7799901513539, 30.1640942251724]]]}, "properties": {"confidence": 0.8394, "area_in_meters": 26.43, "full_plus_code": "8J2W5Q7J+J2CP", "source": "Google Open Buildings v3"}}, {"type": "Feature", "geometry": {"type": "Polygon", "coordinates": [[[78.7799878723954, 30.1640283240844], [78.7799111461531, 30.1640576845582], [78.7798870660245, 30.1640101700959], [78.7799637922351, 30.1639808096345], [78.7799878723954, 30.1640283240844]]]}, "properties": {"confidence": 0.7418, "area_in_meters": 46.53, "full_plus_code": "8J2W5Q7H+JX3Q", "source": "Google Open Buildings v3"}}, {"type": "Feature", "geometry": {"type": "Polygon", "coordinates": [[[78.7801499130527, 30.1639000720049], [78.7800271730187, 30.1639504644729], [78.7799977120405, 30.1638962824556], [78.7801204520167, 30.1638458900128], [78.7801499130527, 30.1639000720049]]]}, "properties": {"confidence": 0.8636, "area_in_meters": 86.96, "full_plus_code": "8J2W5Q7J+H24V", "source": "Google Open Buildings v3"}}, {"type": "Feature", "geometry": {"type": "Polygon", "coordinates": [[[78.7802374859672, 30.1637581595056], [78.7801536489081, 30.1637795420567], [78.7801388333083, 30.1637356804511], [78.7802226703327, 30.163714297908], [78.7802374859672, 30.1637581595056]]]}, "properties": {"confidence": 0.8695, "area_in_meters": 42.7, "full_plus_code": "8J2W5Q7J+F3WR", "source": "Google Open Buildings v3"}}, {"type": "Feature", "geometry": {"type": "Polygon", "coordinates": [[[78.7807555471503, 30.1627533413734], [78.7807522825525, 30.162779892019], [78.7807176826384, 30.1627766796366], [78.7807209472453, 30.1627501289923], [78.7807555471503, 30.1627533413734]]]}, "properties": {"confidence": 0.7367, "area_in_meters": 9.93, "full_plus_code": "8J2W5Q7J+475P", "source": "Google Open Buildings v3"}}, {"type": "Feature", "geometry": {"type": "Polygon", "coordinates": [[[78.7808300670649, 30.1627068220735], [78.7807365025333, 30.1627319668998], [78.7807163569939, 30.1626753638673], [78.7808099214755, 30.1626502190527], [78.7808300670649, 30.1627068220735]]]}, "properties": {"confidence": 0.8311, "area_in_meters": 62.03, "full_plus_code": "8J2W5Q7J+38CP", "source": "Google Open Buildings v3"}}, {"type": "Feature", "geometry": {"type": "Polygon", "coordinates": [[[78.7808785392638, 30.1626937954702], [78.7808300670647, 30.1627068220731], [78.7808162311667, 30.1626679473858], [78.7808647033486, 30.1626549207868], [78.7808785392638, 30.1626937954702]]]}, "properties": {"confidence": 0.7029, "area_in_meters": 22.07, "full_plus_code": "8J2W5Q7J+38H6", "source": "Google Open Buildings v3"}}, {"type": "Feature", "geometry": {"type": "Polygon", "coordinates": [[[78.7809331451679, 30.1626251470069], [78.7809138206859, 30.1626598661603], [78.7808719331347, 30.1626422617281], [78.7808912576271, 30.1626075425813], [78.7809331451679, 30.1626251470069]]]}, "properties": {"confidence": 0.7598, "area_in_meters": 19.18, "full_plus_code": "8J2W5Q7J+3929", "source": "Google Open Buildings v3"}}, {"type": "Feature", "geometry": {"type": "Polygon", "coordinates": [[[78.7810928910992, 30.1624814886039], [78.781078117701, 30.1625089939442], [78.7810386561883, 30.1624929896426], [78.7810534295945, 30.1624654843072], [78.7810928910992, 30.1624814886039]]]}, "properties": {"confidence": 0.6783, "area_in_meters": 14.13, "full_plus_code": "8J2W5Q6J+XCWC", "source": "Google Open Buildings v3"}}, {"type": "Feature", "geometry": {"type": "Polygon", "coordinates": [[[78.7811954220404, 30.162399246249], [78.7811272453874, 30.1624045449584], [78.7811207308622, 30.1623412527615], [78.7811889074715, 30.162335954053], [78.7811954220404, 30.162399246249]]]}, "properties": {"confidence": 0.8466, "area_in_meters": 46.5, "full_plus_code": "8J2W5Q6J+WFVR", "source": "Google Open Buildings v3"}}, {"type": "Feature", "geometry": {"type": "Polygon", "coordinates": [[[78.7810685360749, 30.1623969473692], [78.7809625619424, 30.1624130348388], [78.7809557895106, 30.1623793481596], [78.7810617636073, 30.1623632606928], [78.7810685360749, 30.1623969473692]]]}, "properties": {"confidence": 0.7437, "area_in_meters": 39.33, "full_plus_code": "8J2W5Q6J+XC2F", "source": "Google Open Buildings v3"}}, {"type": "Feature", "geometry": {"type": "Polygon", "coordinates": [[[78.7810995805806, 30.1623575198401], [78.7811105815449, 30.1624122392083], [78.7810727645509, 30.1624179800629], [78.7810617636073, 30.1623632606926], [78.7810995805806, 30.1623575198401]]]}, "properties": {"confidence": 0.7427, "area_in_meters": 22.8, "full_plus_code": "8J2W5Q6J+XC4H", "source": "Google Open Buildings v3"}}, {"type": "Feature", "geometry": {"type": "Polygon", "coordinates": [[[78.7808942895859, 30.1623215913692], [78.7808054309822, 30.1623636125737], [78.7807710251398, 30.1623086756303], [78.7808598837055, 30.1622666544472], [78.7808942895859, 30.1623215913692]]]}, "properties": {"confidence": 0.8801, "area_in_meters": 67.64, "full_plus_code": "8J2W5Q6J+W8GP", "source": "Google Open Buildings v3"}}, {"type": "Feature", "geometry": {"type": "Polygon", "coordinates": [[[78.780915894928, 30.1623640635453], [78.7808781535769, 30.1623762942979], [78.7808644248666, 30.1623443057287], [78.7809021662066, 30.1623320749795], [78.780915894928, 30.1623640635453]]]}, "properties": {"confidence": 0.7821, "area_in_meters": 14.7, "full_plus_code": "8J2W5Q6J+W9R3", "source": "Google Open Buildings v3"}}, {"type": "Feature", "geometry": {"type": "Polygon", "coordinates": [[[78.7810189797247, 30.1625506225554], [78.7809974255115, 30.162579314106], [78.7809462161347, 30.1625502654065], [78.780967770355, 30.1625215738645], [78.7810189797247, 30.1625506225554]]]}, "properties": {"confidence": 0.6698, "area_in_meters": 22.4, "full_plus_code": "8J2W5Q7J+29H3", "source": "Google Open Buildings v3"}}, {"type": "Feature", "geometry": {"type": "Polygon", "coordinates": [[[78.7809863633466, 30.1625783881223], [78.7809490781272, 30.1626309704133], [78.7809010531463, 30.1626052568003], [78.7809383383797, 30.1625526745235], [78.7809863633466, 30.1625783881223]]]}, "properties": {"confidence": 0.8335, "area_in_meters": 37.24, "full_plus_code": "8J2W5Q7J+29PJ", "source": "Google Open Buildings v3"}}, {"type": "Feature", "geometry": {"type": "Polygon", "coordinates": [[[78.7807436009749, 30.1624513222503], [78.7806937730815, 30.1624466364442], [78.7806969731555, 30.162420941524], [78.7807468010363, 30.1624256273283], [78.7807436009749, 30.1624513222503]]]}, "properties": {"confidence": 0.7416, "area_in_meters": 13.85, "full_plus_code": "8J2W5Q6J+X7HC", "source": "Google Open Buildings v3"}}, {"type": "Feature", "geometry": {"type": "Polygon", "coordinates": [[[78.7804994673154, 30.1624284172074], [78.780480299356, 30.162453234234], [78.7804476733699, 30.1624337947573], [78.7804668413326, 30.1624089777357], [78.7804994673154, 30.1624284172074]]]}, "properties": {"confidence": 0.7215, "area_in_meters": 12.64, "full_plus_code": "8J2W5Q6J+X5H6", "source": "Google Open Buildings v3"}}, {"type": "Feature", "geometry": {"type": "Polygon", "coordinates": [[[78.7807734167117, 30.1623904558449], [78.7807821724186, 30.1624247518086], [78.7807564431234, 30.1624297117435], [78.7807476874251, 30.1623954157785], [78.7807734167117, 30.1623904558449]]]}, "properties": {"confidence": 0.7143, "area_in_meters": 9.9, "full_plus_code": "8J2W5Q6J+X86F", "source": "Google Open Buildings v3"}}, {"type": "Feature", "geometry": {"type": "Polygon", "coordinates": [[[78.7806219528788, 30.1622614485824], [78.7806250080957, 30.1622929685606], [78.7805973598291, 30.1622949921607], [78.7805943046209, 30.1622634721822], [78.7806219528788, 30.1622614485824]]]}, "properties": {"confidence": 0.684, "area_in_meters": 9.38, "full_plus_code": "8J2W5Q6J+W694", "source": "Google Open Buildings v3"}}, {"type": "Feature", "geometry": {"type": "Polygon", "coordinates": [[[78.7806170127022, 30.1623568940541], [78.7806199387867, 30.1623771359635], [78.780588623901, 30.1623805540748], [78.7805856978229, 30.162360312165], [78.7806170127022, 30.1623568940541]]]}, "properties": {"confidence": 0.6888, "area_in_meters": 6.88, "full_plus_code": "8J2W5Q6J+W6XM", "source": "Google Open Buildings v3"}}, {"type": "Feature", "geometry": {"type": "Polygon", "coordinates": [[[78.7806436422826, 30.1624348890409], [78.7806005192279, 30.1624466658867], [78.7805843044152, 30.1624026844248], [78.7806273512599, 30.1623907009183], [78.7806436422826, 30.1624348890409]]]}, "properties": {"confidence": 0.7854, "area_in_meters": 22.37, "full_plus_code": "8J2W5Q6J+X69P", "source": "Google Open Buildings v3"}}, {"type": "Feature", "geometry": {"type": "Polygon", "coordinates": [[[78.7828166965054, 30.1635986370625], [78.7827357719863, 30.1636250400886], [78.7827114231508, 30.1635686899864], [78.7827923476279, 30.1635422869732], [78.7828166965054, 30.1635986370625]]]}, "properties": {"confidence": 0.7972, "area_in_meters": 55.62, "full_plus_code": "8J2W5Q7M+C4J7", "source": "Google Open Buildings v3"}}, {"type": "Feature", "geometry": {"type": "Polygon", "coordinates": [[[78.7804878942065, 30.1622949656234], [78.7804669239477, 30.1623291979581], [78.7804239864635, 30.1623093367745], [78.780444956732, 30.1622751044471], [78.7804878942065, 30.1622949656234]]]}, "properties": {"confidence": 0.7192, "area_in_meters": 20.17, "full_plus_code": "8J2W5Q6J+W5G4", "source": "Google Open Buildings v3"}}, {"type": "Feature", "geometry": {"type": "Polygon", "coordinates": [[[78.7804592899115, 30.1622480429877], [78.7804050904845, 30.1623044339012], [78.7803592672762, 30.1622711776938], [78.7804134667079, 30.1622147868001], [78.7804592899115, 30.1622480429877]]]}, "properties": {"confidence": 0.7541, "area_in_meters": 46.89, "full_plus_code": "8J2W5Q6J+W536", "source": "Google Open Buildings v3"}}, {"type": "Feature", "geometry": {"type": "Polygon", "coordinates": [[[78.7804704517676, 30.1624723979608], [78.780435811689, 30.162489141796], [78.7804172116312, 30.1624600856518], [78.7804518517021, 30.1624433418213], [78.7804704517676, 30.1624723979608]]]}, "properties": {"confidence": 0.7485, "area_in_meters": 14.09, "full_plus_code": "8J2W5Q6J+X5PJ", "source": "Google Open Buildings v3"}}, {"type": "Feature", "geometry": {"type": "Polygon", "coordinates": [[[78.7804344607347, 30.1625166690018], [78.7803847883544, 30.1625457953354], [78.7803481861509, 30.1624986611706], [78.7803978585169, 30.1624695348499], [78.7804344607347, 30.1625166690018]]]}, "properties": {"confidence": 0.759, "area_in_meters": 36.43, "full_plus_code": "8J2W5Q7J+2528", "source": "Google Open Buildings v3"}}, {"type": "Feature", "geometry": {"type": "Polygon", "coordinates": [[[78.7804322076726, 30.1624199330048], [78.7803727337109, 30.1624588060964], [78.7803440144228, 30.162425463325], [78.7804033973449, 30.1623866497437], [78.7804322076726, 30.1624199330048]]]}, "properties": {"confidence": 0.7733, "area_in_meters": 33.11, "full_plus_code": "8J2W5Q6J+X56V", "source": "Google Open Buildings v3"}}, {"type": "Feature", "geometry": {"type": "Polygon", "coordinates": [[[78.7803851184452, 30.1624837069439], [78.7803412001183, 30.1625005001538], [78.7803222904442, 30.1624631583], [78.7803662087568, 30.1624463650954], [78.7803851184452, 30.1624837069439]]]}, "properties": {"confidence": 0.7478, "area_in_meters": 20.93, "full_plus_code": "8J2W5Q6J+X4QV", "source": "Google Open Buildings v3"}}, {"type": "Feature", "geometry": {"type": "Polygon", "coordinates": [[[78.780380500892, 30.1625622807711], [78.7803879120421, 30.1626052424399], [78.7803515185348, 30.1626099829646], [78.7803441074007, 30.1625670212945], [78.780380500892, 30.1625622807711]]]}, "properties": {"confidence": 0.7588, "area_in_meters": 17.09, "full_plus_code": "8J2W5Q7J+24QG", "source": "Google Open Buildings v3"}}, {"type": "Feature", "geometry": {"type": "Polygon", "coordinates": [[[78.7803416407489, 30.1625168695178], [78.7803611753416, 30.1625579971175], [78.7803319725515, 30.1625684706733], [78.7803124379691, 30.16252734307], [78.7803416407489, 30.1625168695178]]]}, "properties": {"confidence": 0.6654, "area_in_meters": 15.03, "full_plus_code": "8J2W5Q7J+248Q", "source": "Google Open Buildings v3"}}, {"type": "Feature", "geometry": {"type": "Polygon", "coordinates": [[[78.7805085164517, 30.1625378026456], [78.7804701423615, 30.1625574492923], [78.7804436380873, 30.1625183593715], [78.7804820121665, 30.162498712732], [78.7805085164517, 30.1625378026456]]]}, "properties": {"confidence": 0.7502, "area_in_meters": 21.6, "full_plus_code": "8J2W5Q7J+2592", "source": "Google Open Buildings v3"}}, {"type": "Feature", "geometry": {"type": "Polygon", "coordinates": [[[78.7805752128694, 30.1625037884385], [78.7805106051889, 30.1625351236663], [78.7804704517678, 30.1624723979612], [78.7805350073563, 30.162441193946], [78.7805752128694, 30.1625037884385]]]}, "properties": {"confidence": 0.7744, "area_in_meters": 56.69, "full_plus_code": "8J2W5Q6J+X6RG", "source": "Google Open Buildings v3"}}, {"type": "Feature", "geometry": {"type": "Polygon", "coordinates": [[[78.7806542619228, 30.1624429208088], [78.780652033288, 30.1624608155133], [78.7806111921882, 30.1624569747963], [78.7806134208301, 30.1624390800928], [78.7806542619228, 30.1624429208088]]]}, "properties": {"confidence": 0.7393, "area_in_meters": 7.9, "full_plus_code": "8J2W5Q6J+X7CR", "source": "Google Open Buildings v3"}}, {"type": "Feature", "geometry": {"type": "Polygon", "coordinates": [[[78.780582170391, 30.1624209077126], [78.7806238750897, 30.1624795405204], [78.7805871509719, 30.1624992645319], [78.7805454462898, 30.1624406317124], [78.780582170391, 30.1624209077126]]]}, "properties": {"confidence": 0.8222, "area_in_meters": 31.81, "full_plus_code": "8J2W5Q6J+X6PG", "source": "Google Open Buildings v3"}}, {"type": "Feature", "geometry": {"type": "Polygon", "coordinates": [[[78.7806707777057, 30.1626034189692], [78.7806127843626, 30.1626235651571], [78.7806030527232, 30.1626024122545], [78.7806610460553, 30.1625822660706], [78.7806707777057, 30.1626034189692]]]}, "properties": {"confidence": 0.7523, "area_in_meters": 15.21, "full_plus_code": "8J2W5Q7J+27R3", "source": "Google Open Buildings v3"}}, {"type": "Feature", "geometry": {"type": "Polygon", "coordinates": [[[78.7806250991232, 30.1626996729222], [78.7805709251744, 30.162713263497], [78.7805629620248, 30.162689295293], [78.7806171359611, 30.1626757047209], [78.7806250991232, 30.1626996729222]]]}, "properties": {"confidence": 0.6912, "area_in_meters": 15.04, "full_plus_code": "8J2W5Q7J+36HJ", "source": "Google Open Buildings v3"}}, {"type": "Feature", "geometry": {"type": "Polygon", "coordinates": [[[78.7806275429044, 30.1626556446264], [78.780549765386, 30.1626826635432], [78.7805252752424, 30.1626294311599], [78.7806030527236, 30.1626024122557], [78.7806275429044, 30.1626556446264]]]}, "properties": {"confidence": 0.8265, "area_in_meters": 51.33, "full_plus_code": "8J2W5Q7J+364M", "source": "Google Open Buildings v3"}}, {"type": "Feature", "geometry": {"type": "Polygon", "coordinates": [[[78.7805497653864, 30.1626826635444], [78.7804666558742, 30.162711534659], [78.7804518973794, 30.1626794551759], [78.7805350068677, 30.162650584069], [78.7805497653864, 30.1626826635444]]]}, "properties": {"confidence": 0.7703, "area_in_meters": 33.06, "full_plus_code": "8J2W5Q7J+36C6", "source": "Google Open Buildings v3"}}, {"type": "Feature", "geometry": {"type": "Polygon", "coordinates": [[[78.7803334415739, 30.1626866039303], [78.7803088082384, 30.1626839135984], [78.780312891942, 30.1626556798182], [78.7803607971063, 30.1626609117802], [78.7803334415739, 30.1626866039303]]]}, "properties": {"confidence": 0.6587, "area_in_meters": 11.12, "full_plus_code": "8J2W5Q7J+348W", "source": "Google Open Buildings v3"}}, {"type": "Feature", "geometry": {"type": "Polygon", "coordinates": [[[78.7802432434841, 30.1626188675322], [78.7802482215051, 30.16264913348], [78.7802115131909, 30.1626536924265], [78.7802065351809, 30.1626234264779], [78.7802432434841, 30.1626188675322]]]}, "properties": {"confidence": 0.7451, "area_in_meters": 12.12, "full_plus_code": "8J2W5Q7J+335F", "source": "Google Open Buildings v3"}}, {"type": "Feature", "geometry": {"type": "Polygon", "coordinates": [[[78.7801348545637, 30.1626665830596], [78.7801431945449, 30.1627009036077], [78.78011165948, 30.162706689921], [78.7801032607762, 30.1626721276743], [78.7801348545637, 30.1626665830596]]]}, "properties": {"confidence": 0.7687, "area_in_meters": 12.13, "full_plus_code": "8J2W5Q7J+32HH", "source": "Google Open Buildings v3"}}, {"type": "Feature", "geometry": {"type": "Polygon", "coordinates": [[[78.7805440683951, 30.1623493782629], [78.7804334535835, 30.1624123928472], [78.7804023118318, 30.1623711150826], [78.7805129266138, 30.1623081005227], [78.7805440683951, 30.1623493782629]]]}, "properties": {"confidence": 0.7766, "area_in_meters": 69.79, "full_plus_code": "8J2W5Q6J+W5XC", "source": "Google Open Buildings v3"}}, {"type": "Feature", "geometry": {"type": "Polygon", "coordinates": [[[78.780097659385, 30.1627340746009], [78.780038909119, 30.1627285494489], [78.7800427842596, 30.1626974359039], [78.7801015345078, 30.1627029610525], [78.780097659385, 30.1627340746009]]]}, "properties": {"confidence": 0.6709, "area_in_meters": 19.77, "full_plus_code": "8J2W5Q7J+32PJ", "source": "Google Open Buildings v3"}}, {"type": "Feature", "geometry": {"type": "Polygon", "coordinates": [[[78.7801076901143, 30.1626690712469], [78.7800308290283, 30.1626866222334], [78.7800069813536, 30.1626077635272], [78.7800838423809, 30.1625902125514], [78.7801076901143, 30.1626690712469]]]}, "properties": {"confidence": 0.8701, "area_in_meters": 69.27, "full_plus_code": "8J2W5Q7J+323H", "source": "Google Open Buildings v3"}}, {"type": "Feature", "geometry": {"type": "Polygon", "coordinates": [[[78.7802929840317, 30.1626333817668], [78.7802585354126, 30.162642341549], [78.7802463077534, 30.1626068425463], [78.7801305733542, 30.1626369439647], [78.7801118453191, 30.1625825730156], [78.7802620282474, 30.1625435118345], [78.7802929840317, 30.1626333817668]]]}, "properties": {"confidence": 0.7756, "area_in_meters": 109.36, "full_plus_code": "8J2W5Q7J+23PP", "source": "Google Open Buildings v3"}}, {"type": "Feature", "geometry": {"type": "Polygon", "coordinates": [[[78.7802297126155, 30.1624969511287], [78.7801914307917, 30.1625098797095], [78.7801767064106, 30.1624769582983], [78.7802149882227, 30.1624640297203], [78.7802297126155, 30.1624969511287]]]}, "properties": {"confidence": 0.6882, "area_in_meters": 15.51, "full_plus_code": "8J2W5Q6J+X3WG", "source": "Google Open Buildings v3"}}, {"type": "Feature", "geometry": {"type": "Polygon", "coordinates": [[[78.7802939296203, 30.1624389098798], [78.7802806087196, 30.1624749530849], [78.7802433874152, 30.1624645658069], [78.7802567083278, 30.1624285226062], [78.7802939296203, 30.1624389098798]]]}, "properties": {"confidence": 0.8025, "area_in_meters": 15.82, "full_plus_code": "8J2W5Q6J+X4J4", "source": "Google Open Buildings v3"}}, {"type": "Feature", "geometry": {"type": "Polygon", "coordinates": [[[78.780228062029, 30.162376094242], [78.7801809328836, 30.1623953742121], [78.7801583008136, 30.1623536000052], [78.7802054299426, 30.1623343200424], [78.780228062029, 30.162376094242]]]}, "properties": {"confidence": 0.8301, "area_in_meters": 25.71, "full_plus_code": "8J2W5Q6J+W3WC", "source": "Google Open Buildings v3"}}, {"type": "Feature", "geometry": {"type": "Polygon", "coordinates": [[[78.7802969966001, 30.1622516002629], [78.7802829050507, 30.1622737289076], [78.7802492410696, 30.1622575417333], [78.7802633326237, 30.1622354130924], [78.7802969966001, 30.1622516002629]]]}, "properties": {"confidence": 0.7553, "area_in_meters": 10.4, "full_plus_code": "8J2W5Q6J+W424", "source": "Google Open Buildings v3"}}, {"type": "Feature", "geometry": {"type": "Polygon", "coordinates": [[[78.7804875865763, 30.1622251620807], [78.7804732018202, 30.1622459489187], [78.780421445041, 30.1622189041484], [78.7804358298032, 30.1621981173166], [78.7804875865763, 30.1622251620807]]]}, "properties": {"confidence": 0.7023, "area_in_meters": 15.66, "full_plus_code": "8J2W5Q6J+V5PW", "source": "Google Open Buildings v3"}}, {"type": "Feature", "geometry": {"type": "Polygon", "coordinates": [[[78.7805477277977, 30.1621560290265], [78.7804909931522, 30.16221505782], [78.7804451699522, 30.1621818016431], [78.7805019046032, 30.1621227728696], [78.7805477277977, 30.1621560290265]]]}, "properties": {"confidence": 0.848, "area_in_meters": 49.09, "full_plus_code": "8J2W5Q6J+V59Q", "source": "Google Open Buildings v3"}}, {"type": "Feature", "geometry": {"type": "Polygon", "coordinates": [[[78.7808434550531, 30.1621207271814], [78.78076063286, 30.1621313383802], [78.7807541018324, 30.1620928466291], [78.7808359354226, 30.1620811161897], [78.7808434550531, 30.1621207271814]]]}, "properties": {"confidence": 0.691, "area_in_meters": 35.21, "full_plus_code": "8J2W5Q6J+R8V8", "source": "Google Open Buildings v3"}}, {"type": "Feature", "geometry": {"type": "Polygon", "coordinates": [[[78.7807332906351, 30.1621800673168], [78.7806527668954, 30.1622111850356], [78.7806190077026, 30.1621452204373], [78.7806995313964, 30.1621141027367], [78.7807332906351, 30.1621800673168]]]}, "properties": {"confidence": 0.8752, "area_in_meters": 68.01, "full_plus_code": "8J2W5Q6J+V77G", "source": "Google Open Buildings v3"}}, {"type": "Feature", "geometry": {"type": "Polygon", "coordinates": [[[78.7808683441013, 30.1621327912164], [78.780788886766, 30.1621670953012], [78.7807760767142, 30.1621446904584], [78.7808555340342, 30.1621103863794], [78.7808683441013, 30.1621327912164]]]}, "properties": {"confidence": 0.7611, "area_in_meters": 23.73, "full_plus_code": "8J2W5Q6J+V84F", "source": "Google Open Buildings v3"}}, {"type": "Feature", "geometry": {"type": "Polygon", "coordinates": [[[78.7810196343303, 30.1621486839402], [78.7810156683804, 30.1622116858192], [78.7809542725068, 30.162208767469], [78.7809582384956, 30.1621457655939], [78.7810196343303, 30.1621486839402]]]}, "properties": {"confidence": 0.6794, "area_in_meters": 41.47, "full_plus_code": "8J2W5Q6J+V9H4", "source": "Google Open Buildings v3"}}, {"type": "Feature", "geometry": {"type": "Polygon", "coordinates": [[[78.7810750152246, 30.1621856961446], [78.7810726391856, 30.1622152248671], [78.7810245902377, 30.1622123054501], [78.7810269662905, 30.162182776729], [78.7810750152246, 30.1621856961446]]]}, "properties": {"confidence": 0.6555, "area_in_meters": 15.24, "full_plus_code": "8J2W5Q6J+VCFW", "source": "Google Open Buildings v3"}}, {"type": "Feature", "geometry": {"type": "Polygon", "coordinates": [[[78.7813042601682, 30.1621060029235], [78.7813016246363, 30.162179425729], [78.781208678622, 30.1621769064486], [78.7812113142222, 30.1621034836485], [78.7813042601682, 30.1621060029235]]]}, "properties": {"confidence": 0.8507, "area_in_meters": 73.03, "full_plus_code": "8J2W5Q6J+VG2J", "source": "Google Open Buildings v3"}}, {"type": "Feature", "geometry": {"type": "Polygon", "coordinates": [[[78.7812023269859, 30.1622326570775], [78.7812045756783, 30.162201780101], [78.7813245180452, 30.1622083758792], [78.7813222693899, 30.1622392528595], [78.7812023269859, 30.1622326570775]]]}, "properties": {"confidence": 0.7517, "area_in_meters": 39.75, "full_plus_code": "8J2W5Q6J+VGJV", "source": "Google Open Buildings v3"}}, {"type": "Feature", "geometry": {"type": "Polygon", "coordinates": [[[78.781379350737, 30.1621152283566], [78.7813740356934, 30.1621882115134], [78.7812993294675, 30.1621841033673], [78.7813046445662, 30.1621111202164], [78.781379350737, 30.1621152283566]]]}, "properties": {"confidence": 0.7219, "area_in_meters": 58.52, "full_plus_code": "8J2W5Q6J+VG4X", "source": "Google Open Buildings v3"}}, {"type": "Feature", "geometry": {"type": "Polygon", "coordinates": [[[78.7814307560167, 30.1621200190615], [78.7814330765008, 30.1621570870892], [78.7813813422805, 30.1621595325328], [78.7813790218159, 30.162122464505], [78.7814307560167, 30.1621200190615]]]}, "properties": {"confidence": 0.8217, "area_in_meters": 20.56, "full_plus_code": "8J2W5Q6J+VH2H", "source": "Google Open Buildings v3"}}, {"type": "Feature", "geometry": {"type": "Polygon", "coordinates": [[[78.779949748416, 30.1600944421161], [78.7799255242386, 30.1600868624707], [78.7799363233773, 30.1600608003326], [78.7799605475495, 30.1600683799757], [78.779949748416, 30.1600944421161]]]}, "properties": {"confidence": 0.6643, "area_in_meters": 7.62, "full_plus_code": "8J2W5Q6H+2XP2", "source": "Google Open Buildings v3"}}, {"type": "Feature", "geometry": {"type": "Polygon", "coordinates": [[[78.7799584327935, 30.1600741929315], [78.7799324402088, 30.160067913651], [78.7799402982901, 30.1600433509012], [78.7799662908691, 30.16004963018], [78.7799584327935, 30.1600741929315]]]}, "properties": {"confidence": 0.6642, "area_in_meters": 7.35, "full_plus_code": "8J2W5Q6H+2XG7", "source": "Google Open Buildings v3"}}, {"type": "Feature", "geometry": {"type": "Polygon", "coordinates": [[[78.7807666622504, 30.1587605135114], [78.7807659551343, 30.1587920751066], [78.7807400124597, 30.1587916361902], [78.7807407195842, 30.1587600745955], [78.7807666622504, 30.1587605135114]]]}, "properties": {"confidence": 0.6602, "area_in_meters": 8.76, "full_plus_code": "8J2W5Q5J+G862", "source": "Google Open Buildings v3"}}, {"type": "Feature", "geometry": {"type": "Polygon", "coordinates": [[[78.7807866890842, 30.1586474292006], [78.7807720936497, 30.1587162973706], [78.7807212468299, 30.1587081597736], [78.7807358422976, 30.1586392916106], [78.7807866890842, 30.1586474292006]]]}, "properties": {"confidence": 0.6622, "area_in_meters": 38.71, "full_plus_code": "8J2W5Q5J+F8C2", "source": "Google Open Buildings v3"}}, {"type": "Feature", "geometry": {"type": "Polygon", "coordinates": [[[78.7811324270942, 30.1572273177127], [78.7812141825976, 30.1572515146059], [78.7811730955582, 30.1573563500862], [78.7810913399837, 30.157332153165], [78.7811102937513, 30.1572837918793], [78.7810742609115, 30.1572731273435], [78.7811116069569, 30.157177837366], [78.781147639766, 30.1571885018898], [78.7811324270942, 30.1572273177127]]]}, "properties": {"confidence": 0.7629, "area_in_meters": 143.22, "full_plus_code": "8J2W5Q4J+WF2W", "source": "Google Open Buildings v3"}}, {"type": "Feature", "geometry": {"type": "Polygon", "coordinates": [[[78.7851324999307, 30.1585722544178], [78.7850792728836, 30.1586204383537], [78.7850214025514, 30.1585721635454], [78.7850746295958, 30.1585239796313], [78.7851324999307, 30.1585722544178]]]}, "properties": {"confidence": 0.7398, "area_in_meters": 57.28, "full_plus_code": "8J2W5Q5P+C2GV", "source": "Google Open Buildings v3"}}, {"type": "Feature", "geometry": {"type": "Polygon", "coordinates": [[[78.7802199988205, 30.1627341372597], [78.7801468212432, 30.1627475207583], [78.7801491377991, 30.1627201317056], [78.7801968837689, 30.1627022996164], [78.7802225529577, 30.1627039389676], [78.7802199988205, 30.1627341372597]]]}, "properties": {"confidence": 0.7864, "area_in_meters": 25.04, "full_plus_code": "8J2W5Q7J+33MX", "source": "Google Open Buildings v3"}}, {"type": "Feature", "geometry": {"type": "Polygon", "coordinates": [[[78.7825142567336, 30.157594353251], [78.7825294949633, 30.157623337787], [78.7825029459098, 30.1576338782545], [78.782487707687, 30.1576048937158], [78.7825142567336, 30.157594353251]]]}, "properties": {"confidence": 0.6529, "area_in_meters": 9.94, "full_plus_code": "8J2W5Q5M+22RF", "source": "Google Open Buildings v3"}}, {"type": "Feature", "geometry": {"type": "Polygon", "coordinates": [[[78.7847534713161, 30.1585660714439], [78.7847584745835, 30.1586003191411], [78.7846933844339, 30.1586074999063], [78.7846883811892, 30.1585732522094], [78.7847534713161, 30.1585660714439]]]}, "properties": {"confidence": 0.7616, "area_in_meters": 24.22, "full_plus_code": "8J2W5Q5M+CVQC", "source": "Google Open Buildings v3"}}, {"type": "Feature", "geometry": {"type": "Polygon", "coordinates": [[[78.784988227517, 30.1584709358573], [78.7849241234088, 30.1585131752723], [78.7848796355591, 30.1584621899917], [78.7849437396504, 30.1584199505974], [78.784988227517, 30.1584709358573]]]}, "properties": {"confidence": 0.8764, "area_in_meters": 55.03, "full_plus_code": "8J2W5Q5M+9XMQ", "source": "Google Open Buildings v3"}}, {"type": "Feature", "geometry": {"type": "Polygon", "coordinates": [[[78.784966324121, 30.1585503584108], [78.78493386331, 30.1585201133377], [78.7849908593469, 30.1584739194759], [78.7850233201622, 30.1585041645351], [78.784966324121, 30.1585503584108]]]}, "properties": {"confidence": 0.6647, "area_in_meters": 34.46, "full_plus_code": "8J2W5Q5M+CX5F", "source": "Google Open Buildings v3"}}]}